GO ID,DO name,asimov genes, menchelab genes, both sets equal?
GO:0044464,cell part,8559,14496,FALSE
GO:0043227,membrane-bounded organelle,7587,10529,FALSE
GO:0043231,intracellular membrane-bounded organelle,6345,9086,FALSE
GO:0005622,intracellular,233,12394,FALSE
GO:0005737,cytoplasm,3219,9640,FALSE
GO:0005623,cell,8,14497,FALSE
GO:0044444,cytoplasmic part,6377,8582,FALSE
GO:0005575,cellular_component,13794,15417,FALSE
GO:0043229,intracellular organelle,2,10491,FALSE
GO:0044424,intracellular part,7913,12341,FALSE
GO:0012505,endomembrane system,30,3555,FALSE
GO:0043226,organelle,8236,11318,FALSE
GO:0005783,endoplasmic reticulum,758,1477,FALSE
GO:0000776,kinetochore,91,99,FALSE
GO:0032991,protein-containing complex,2896,4495,FALSE
GO:0000779,condensed chromosome; centromeric region,12,37,FALSE
GO:0044427,chromosomal part,552,735,FALSE
GO:0098687,chromosomal region,167,257,FALSE
GO:0043232,intracellular non-membrane-bounded organelle,1712,3227,FALSE
GO:0000777,condensed chromosome kinetochore,19,29,FALSE
GO:0043228,non-membrane-bounded organelle,1712,3227,FALSE
GO:0044446,intracellular organelle part,4379,7911,FALSE
GO:0000793,condensed chromosome,19,125,FALSE
GO:0005694,chromosome,123,792,FALSE
GO:0000775,chromosome; centromeric region,44,134,FALSE
GO:0044422,organelle part,4551,8091,FALSE
GO:0000228,nuclear chromosome,51,507,FALSE
GO:0000780,condensed nuclear chromosome; centromeric region,7,17,FALSE
GO:0005634,nucleus,4039,5946,FALSE
GO:0031974,membrane-enclosed lumen,253,4927,FALSE
GO:0044428,nuclear part,3347,4163,FALSE
GO:0031981,nuclear lumen,4,3875,FALSE
GO:0044454,nuclear chromosome part,71,476,FALSE
GO:0070013,intracellular organelle lumen,0,4927,FALSE
GO:0000794,condensed nuclear chromosome,22,73,FALSE
GO:0043233,organelle lumen,253,4927,FALSE
GO:0005739,mitochondrion,966,1252,FALSE
GO:0000932,P-body,63,66,FALSE
GO:1990904,ribonucleoprotein complex,249,754,FALSE
GO:0035770,ribonucleoprotein granule,185,191,FALSE
GO:0036464,cytoplasmic ribonucleoprotein granule,174,180,FALSE
GO:0005654,nucleoplasm,3013,3352,FALSE
GO:0005829,cytosol,4511,4717,FALSE
GO:0016020,membrane,5260,7056,FALSE
GO:0005886,plasma membrane,3136,4444,FALSE
GO:0071944,cell periphery,26,4531,FALSE
GO:0031982,vesicle,2035,3253,FALSE
GO:0098588,bounding membrane of organelle,0,1505,FALSE
GO:0044433,cytoplasmic vesicle part,446,1155,FALSE
GO:0005768,endosome,421,655,FALSE
GO:0031410,cytoplasmic vesicle,792,1720,FALSE
GO:0031090,organelle membrane,1053,2095,FALSE
GO:0005770,late endosome,105,171,FALSE
GO:0098805,whole membrane,0,1214,FALSE
GO:0097708,intracellular vesicle,1,1720,FALSE
GO:0044440,endosomal part,279,337,FALSE
GO:0031902,late endosome membrane,47,57,FALSE
GO:0010008,endosome membrane,246,289,FALSE
GO:0031224,intrinsic component of membrane,1693,2214,FALSE
GO:0031301,integral component of organelle membrane,29,156,FALSE
GO:0005764,lysosome,207,553,FALSE
GO:0044425,membrane part,2129,3726,FALSE
GO:0000323,lytic vacuole,207,554,FALSE
GO:0005765,lysosomal membrane,271,286,FALSE
GO:0016021,integral component of membrane,1529,2119,FALSE
GO:0031300,intrinsic component of organelle membrane,118,167,FALSE
GO:0031310,intrinsic component of vacuolar membrane,0,4,FALSE
GO:0098852,lytic vacuole membrane,272,287,FALSE
GO:0005774,vacuolar membrane,296,321,FALSE
GO:0044437,vacuolar part,447,470,FALSE
GO:1905103,integral component of lysosomal membrane,2,3,FALSE
GO:0005773,vacuole,254,617,FALSE
GO:0031166,integral component of vacuolar membrane,3,4,FALSE
GO:0016471,vacuolar proton-transporting V-type ATPase complex,10,14,FALSE
GO:0033176,proton-transporting V-type ATPase complex,11,15,FALSE
GO:0016469,proton-transporting two-sector ATPase complex,36,40,FALSE
GO:0046611,lysosomal proton-transporting V-type ATPase complex,0,1,FALSE
GO:0098796,membrane protein complex,341,1016,FALSE
GO:0120025,plasma membrane bounded cell projection,211,1281,FALSE
GO:0042995,cell projection,234,1296,FALSE
GO:0005929,cilium,170,427,FALSE
GO:0030992,intraciliary transport particle B,19,19,TRUE
GO:0030990,intraciliary transport particle,1,27,FALSE
GO:0044441,ciliary part,147,352,FALSE
GO:0097542,ciliary tip,44,44,TRUE
GO:0044463,cell projection part,11,867,FALSE
GO:0120038,plasma membrane bounded cell projection part,11,867,FALSE
GO:0005789,endoplasmic reticulum membrane,585,742,FALSE
GO:0042175,nuclear outer membrane-endoplasmic reticulum membrane network,2,757,FALSE
GO:0031984,organelle subcompartment,172,1189,FALSE
GO:0044432,endoplasmic reticulum part,394,1020,FALSE
GO:0098827,endoplasmic reticulum subcompartment,15,749,FALSE
GO:0005730,nucleolus,672,805,FALSE
GO:0031226,intrinsic component of plasma membrane,66,1504,FALSE
GO:0005887,integral component of plasma membrane,1064,1440,FALSE
GO:0044459,plasma membrane part,408,2242,FALSE
GO:0031227,intrinsic component of endoplasmic reticulum membrane,5,138,FALSE
GO:0009898,cytoplasmic side of plasma membrane,44,133,FALSE
GO:0098552,side of membrane,2,379,FALSE
GO:0031234,extrinsic component of cytoplasmic side of plasma membrane,50,81,FALSE
GO:0019898,extrinsic component of membrane,154,242,FALSE
GO:0098562,cytoplasmic side of membrane,2,154,FALSE
GO:0019897,extrinsic component of plasma membrane,76,136,FALSE
GO:0044232,organelle membrane contact site,16,16,TRUE
GO:0044451,nucleoplasm part,711,961,FALSE
GO:0016604,nuclear body,606,626,FALSE
GO:0005769,early endosome,159,225,FALSE
GO:0005794,Golgi apparatus,702,1185,FALSE
GO:0000938,GARP complex,5,5,TRUE
GO:0044431,Golgi apparatus part,482,673,FALSE
GO:0099023,tethering complex,0,64,FALSE
GO:0005856,cytoskeleton,513,1506,FALSE
GO:0044430,cytoskeletal part,951,1200,FALSE
GO:0015630,microtubule cytoskeleton,135,958,FALSE
GO:0005875,microtubule associated complex,129,131,FALSE
GO:0031252,cell leading edge,27,255,FALSE
GO:0030027,lamellipodium,112,121,FALSE
GO:0030175,filopodium,44,61,FALSE
GO:0098858,actin-based cell projection,70,113,FALSE
GO:0030424,axon,172,295,FALSE
GO:0097458,neuron part,628,876,FALSE
GO:0043005,neuron projection,520,715,FALSE
GO:0033267,axon part,81,159,FALSE
GO:0150034,distal axon,3,124,FALSE
GO:0030426,growth cone,74,78,FALSE
GO:0030427,site of polarized growth,75,79,FALSE
GO:0044297,cell body,154,193,FALSE
GO:0043204,perikaryon,30,31,FALSE
GO:0036477,somatodendritic compartment,6,387,FALSE
GO:0043025,neuronal cell body,132,170,FALSE
GO:0044295,axonal growth cone,13,13,TRUE
GO:0048471,perinuclear region of cytoplasm,369,395,FALSE
GO:0005615,extracellular space,1113,2897,FALSE
GO:1903561,extracellular vesicle,1986,2055,FALSE
GO:0044421,extracellular region part,1315,3053,FALSE
GO:0005576,extracellular region,1162,3403,FALSE
GO:0070062,extracellular exosome,1968,2036,FALSE
GO:0043230,extracellular organelle,0,2056,FALSE
GO:0019866,organelle inner membrane,325,406,FALSE
GO:0031967,organelle envelope,134,873,FALSE
GO:0031975,envelope,134,873,FALSE
GO:0031965,nuclear membrane,176,208,FALSE
GO:0005635,nuclear envelope,126,337,FALSE
GO:0005637,nuclear inner membrane,22,31,FALSE
GO:0000139,Golgi membrane,395,459,FALSE
GO:0098791,Golgi subcompartment,159,563,FALSE
GO:0099080,supramolecular complex,2,536,FALSE
GO:0099081,supramolecular polymer,2,535,FALSE
GO:0099512,supramolecular fiber,2,528,FALSE
GO:0000795,synaptonemal complex,15,26,FALSE
GO:0000801,central element,2,5,FALSE
GO:0099086,synaptonemal structure,15,26,FALSE
GO:0031012,extracellular matrix,304,336,FALSE
GO:0002102,podosome,13,13,TRUE
GO:0015629,actin cytoskeleton,187,390,FALSE
GO:0044450,microtubule organizing center part,42,146,FALSE
GO:0005815,microtubule organizing center,555,605,FALSE
GO:0005814,centriole,92,98,FALSE
GO:0097546,ciliary base,23,26,FALSE
GO:0005813,centrosome,444,471,FALSE
GO:0016529,sarcoplasmic reticulum,27,42,FALSE
GO:0016528,sarcoplasm,3,45,FALSE
GO:0042383,sarcolemma,44,65,FALSE
GO:0098536,deuterosome,5,5,TRUE
GO:0070939,Dsl1/NZR complex,3,3,TRUE
GO:0008180,COP9 signalosome,34,35,FALSE
GO:0005759,mitochondrial matrix,306,413,FALSE
GO:0044429,mitochondrial part,306,828,FALSE
GO:0001917,photoreceptor inner segment,24,28,FALSE
GO:0005874,microtubule,219,241,FALSE
GO:0099513,polymeric cytoskeletal fiber,323,373,FALSE
GO:0034451,centriolar satellite,26,26,TRUE
GO:0036064,ciliary basal body,85,91,FALSE
GO:0035869,ciliary transition zone,41,49,FALSE
GO:0005802,trans-Golgi network,126,205,FALSE
GO:0031312,extrinsic component of organelle membrane,29,29,TRUE
GO:0031313,extrinsic component of endosome membrane,8,8,TRUE
GO:0031901,early endosome membrane,65,72,FALSE
GO:0030141,secretory granule,124,712,FALSE
GO:0097223,sperm part,27,91,FALSE
GO:0001669,acrosomal vesicle,22,36,FALSE
GO:0099503,secretory vesicle,126,807,FALSE
GO:0097517,contractile actin filament bundle,0,43,FALSE
GO:0042641,actomyosin,48,51,FALSE
GO:0032432,actin filament bundle,7,48,FALSE
GO:0001725,stress fiber,42,43,FALSE
GO:0030055,cell-substrate junction,9,371,FALSE
GO:0005925,focal adhesion,361,365,FALSE
GO:0070161,anchoring junction,398,481,FALSE
GO:0005924,cell-substrate adherens junction,363,367,FALSE
GO:0030054,cell junction,706,732,FALSE
GO:0005912,adherens junction,398,473,FALSE
GO:0005884,actin filament,60,86,FALSE
GO:0031941,filamentous actin,24,26,FALSE
GO:0072562,blood microparticle,102,105,FALSE
GO:0000813,ESCRT I complex,9,10,FALSE
GO:0036452,ESCRT complex,27,28,FALSE
GO:0032838,plasma membrane bounded cell projection cytoplasm,14,106,FALSE
GO:0099568,cytoplasmic region,99,299,FALSE
GO:0097014,ciliary plasm,1,90,FALSE
GO:0005930,axoneme,62,90,FALSE
GO:0019774,proteasome core complex; beta-subunit complex,10,11,FALSE
GO:1905369,endopeptidase complex,0,57,FALSE
GO:0000502,proteasome complex,53,56,FALSE
GO:1902494,catalytic complex,68,1266,FALSE
GO:1905368,peptidase complex,1,76,FALSE
GO:0005839,proteasome core complex,20,21,FALSE
GO:0032153,cell division site,8,49,FALSE
GO:0032155,cell division site part,37,44,FALSE
GO:0032154,cleavage furrow,33,34,FALSE
GO:0098590,plasma membrane region,393,616,FALSE
GO:0001726,ruffle,53,109,FALSE
GO:0032587,ruffle membrane,58,58,TRUE
GO:0031256,leading edge membrane,7,106,FALSE
GO:0031253,cell projection membrane,190,204,FALSE
GO:0030014,CCR4-NOT complex,16,16,TRUE
GO:0009986,cell surface,405,573,FALSE
GO:0005902,microvillus,33,42,FALSE
GO:0031514,motile cilium,55,110,FALSE
GO:0044447,axoneme part,6,30,FALSE
GO:0097545,axonemal outer doublet,2,3,FALSE
GO:1990234,transferase complex,39,738,FALSE
GO:0035098,ESC/E(Z) complex,18,18,TRUE
GO:0031519,PcG protein complex,50,51,FALSE
GO:0035097,histone methyltransferase complex,71,89,FALSE
GO:0034708,methyltransferase complex,98,116,FALSE
GO:0070449,elongin complex,3,3,TRUE
GO:0008023,transcription elongation factor complex,52,52,TRUE
GO:0000784,nuclear chromosome; telomeric region,102,107,FALSE
GO:0000781,chromosome; telomeric region,120,126,FALSE
GO:0035859,Seh1-associated complex,0,16,FALSE
GO:0061700,GATOR2 complex,11,11,TRUE
GO:0051233,spindle midzone,31,33,FALSE
GO:0005819,spindle,114,225,FALSE
GO:0005911,cell-cell junction,273,290,FALSE
GO:0043296,apical junction complex,15,91,FALSE
GO:0098589,membrane region,174,190,FALSE
GO:0045121,membrane raft,173,182,FALSE
GO:0098857,membrane microdomain,174,183,FALSE
GO:0098984,neuron to neuron synapse,8,110,FALSE
GO:0045202,synapse,187,450,FALSE
GO:0098794,postsynapse,23,205,FALSE
GO:0014069,postsynaptic density,82,104,FALSE
GO:0099572,postsynaptic specialization,1,105,FALSE
GO:0044456,synapse part,204,353,FALSE
GO:0032279,asymmetric synapse,7,109,FALSE
GO:0098978,glutamatergic synapse,0,6,FALSE
GO:0098985,asymmetric; glutamatergic; excitatory synapse,5,6,FALSE
GO:0060076,excitatory synapse,16,21,FALSE
GO:0002081,outer acrosomal membrane,0,2,FALSE
GO:0012506,vesicle membrane,440,562,FALSE
GO:0030659,cytoplasmic vesicle membrane,426,548,FALSE
GO:0002080,acrosomal membrane,8,11,FALSE
GO:0030667,secretory granule membrane,225,268,FALSE
GO:0034518,RNA cap binding complex,13,15,FALSE
GO:0005845,mRNA cap binding complex,12,13,FALSE
GO:0062023,collagen-containing extracellular matrix,181,199,FALSE
GO:0001650,fibrillar center,128,130,FALSE
GO:0044452,nucleolar part,148,175,FALSE
GO:0005776,autophagosome,47,62,FALSE
GO:0055037,recycling endosome,78,120,FALSE
GO:0071203,WASH complex,11,11,TRUE
GO:0071437,invadopodium,7,12,FALSE
GO:0044448,cell cortex part,20,136,FALSE
GO:0000145,exocyst,15,17,FALSE
GO:0005938,cell cortex,85,200,FALSE
GO:0060170,ciliary membrane,55,62,FALSE
GO:0098797,plasma membrane protein complex,111,502,FALSE
GO:0045111,intermediate filament cytoskeleton,44,90,FALSE
GO:0043240,Fanconi anaemia nuclear complex,13,13,TRUE
GO:0071821,FANCM-MHF complex,4,4,TRUE
GO:0034464,BBSome,9,9,TRUE
GO:0030496,midbody,119,129,FALSE
GO:0000800,lateral element,6,7,FALSE
GO:0032421,stereocilium bundle,3,28,FALSE
GO:0032420,stereocilium,14,26,FALSE
GO:0098862,cluster of actin-based cell projections,27,76,FALSE
GO:0097730,non-motile cilium,23,90,FALSE
GO:0060091,kinocilium,2,4,FALSE
GO:0097732,9+2 non-motile cilium,0,4,FALSE
GO:0097447,dendritic tree,2,306,FALSE
GO:0030425,dendrite,203,303,FALSE
GO:0044439,peroxisomal part,0,87,FALSE
GO:0044438,microbody part,50,87,FALSE
GO:0031907,microbody lumen,50,50,TRUE
GO:0005782,peroxisomal matrix,50,50,TRUE
GO:0005777,peroxisome,97,121,FALSE
GO:0042579,microbody,111,121,FALSE
GO:0001891,phagocytic cup,12,12,TRUE
GO:0005903,brush border,27,50,FALSE
GO:0032426,stereocilium tip,8,12,FALSE
GO:0016459,myosin complex,36,37,FALSE
GO:0016461,unconventional myosin complex,8,8,TRUE
GO:0098878,neurotransmitter receptor complex,0,44,FALSE
GO:0034702,ion channel complex,203,235,FALSE
GO:0008328,ionotropic glutamate receptor complex,35,42,FALSE
GO:1990351,transporter complex,3,267,FALSE
GO:0098802,plasma membrane receptor complex,81,168,FALSE
GO:0043235,receptor complex,280,373,FALSE
GO:1902495,transmembrane transporter complex,226,259,FALSE
GO:0044309,neuron spine,71,78,FALSE
GO:0032591,dendritic spine membrane,2,6,FALSE
GO:0097060,synaptic membrane,93,126,FALSE
GO:0032590,dendrite membrane,20,27,FALSE
GO:0032589,neuron projection membrane,31,36,FALSE
GO:0043197,dendritic spine,70,77,FALSE
GO:0042581,specific granule,13,160,FALSE
GO:0035579,specific granule membrane,87,91,FALSE
GO:0070820,tertiary granule,4,163,FALSE
GO:0070821,tertiary granule membrane,68,72,FALSE
GO:0005798,Golgi-associated vesicle,57,143,FALSE
GO:0030660,Golgi-associated vesicle membrane,18,94,FALSE
GO:0032580,Golgi cisterna membrane,9,18,FALSE
GO:0005795,Golgi stack,21,60,FALSE
GO:0031985,Golgi cisterna,27,41,FALSE
GO:0010494,cytoplasmic stress granule,50,51,FALSE
GO:0031228,intrinsic component of Golgi membrane,48,54,FALSE
GO:0030173,integral component of Golgi membrane,45,49,FALSE
GO:0031903,microbody membrane,44,47,FALSE
GO:0005778,peroxisomal membrane,44,47,FALSE
GO:0030176,integral component of endoplasmic reticulum membrane,115,134,FALSE
GO:0120103,centriolar subdistal appendage,9,9,TRUE
GO:0000922,spindle pole,85,102,FALSE
GO:0005876,spindle microtubule,55,57,FALSE
GO:0016607,nuclear speck,294,300,FALSE
GO:0005740,mitochondrial envelope,8,549,FALSE
GO:0031966,mitochondrial membrane,156,514,FALSE
GO:0005913,cell-cell adherens junction,88,94,FALSE
GO:0016323,basolateral plasma membrane,104,121,FALSE
GO:0045178,basal part of cell,4,29,FALSE
GO:0009925,basal plasma membrane,21,22,FALSE
GO:0016328,lateral plasma membrane,27,27,TRUE
GO:0030670,phagocytic vesicle membrane,33,34,FALSE
GO:0045335,phagocytic vesicle,37,79,FALSE
GO:0030139,endocytic vesicle,79,235,FALSE
GO:0030666,endocytic vesicle membrane,97,126,FALSE
GO:0031201,SNARE complex,45,45,TRUE
GO:0005766,primary lysosome,10,155,FALSE
GO:0042582,azurophil granule,10,155,FALSE
GO:0005667,transcription factor complex,227,276,FALSE
GO:0019867,outer membrane,2,143,FALSE
GO:0005741,mitochondrial outer membrane,113,129,FALSE
GO:0031968,organelle outer membrane,0,141,FALSE
GO:0005758,mitochondrial intermembrane space,53,56,FALSE
GO:0031970,organelle envelope lumen,58,61,FALSE
GO:0005890,sodium:potassium-exchanging ATPase complex,11,11,TRUE
GO:1904949,ATPase complex,0,90,FALSE
GO:0098533,ATPase dependent transmembrane transport complex,21,21,TRUE
GO:0090533,cation-transporting ATPase complex,14,14,TRUE
GO:0005901,caveola,51,57,FALSE
GO:0044853,plasma membrane raft,68,75,FALSE
GO:0014704,intercalated disc,29,31,FALSE
GO:0044291,cell-cell contact zone,41,44,FALSE
GO:0016324,apical plasma membrane,141,155,FALSE
GO:0045177,apical part of cell,30,184,FALSE
GO:0030315,T-tubule,23,32,FALSE
GO:0000177,cytoplasmic exosome (RNase complex),14,14,TRUE
GO:1905354,exoribonuclease complex,0,26,FALSE
GO:0000178,exosome (RNase complex),26,26,TRUE
GO:0034705,potassium channel complex,77,93,FALSE
GO:0008076,voltage-gated potassium channel complex,73,84,FALSE
GO:0034703,cation channel complex,146,196,FALSE
GO:0031091,platelet alpha granule,13,90,FALSE
GO:0030117,membrane coat,44,83,FALSE
GO:0030124,AP-4 adaptor complex,5,5,TRUE
GO:0030119,AP-type membrane coat adaptor complex,37,38,FALSE
GO:0048475,coated membrane,0,83,FALSE
GO:0031904,endosome lumen,30,33,FALSE
GO:0032588,trans-Golgi network membrane,83,90,FALSE
GO:0030133,transport vesicle,98,256,FALSE
GO:0030136,clathrin-coated vesicle,58,144,FALSE
GO:0030135,coated vesicle,60,228,FALSE
GO:0030140,trans-Golgi network transport vesicle,13,22,FALSE
GO:0042827,platelet dense granule,1,21,FALSE
GO:0031088,platelet dense granule membrane,6,6,TRUE
GO:0005771,multivesicular body,22,36,FALSE
GO:0032585,multivesicular body membrane,6,7,FALSE
GO:0042470,melanosome,22,24,FALSE
GO:0048770,pigment granule,22,24,FALSE
GO:0009897,external side of plasma membrane,159,203,FALSE
GO:0046696,lipopolysaccharide receptor complex,6,6,TRUE
GO:0005747,mitochondrial respiratory chain complex I,49,51,FALSE
GO:0098803,respiratory chain complex,0,85,FALSE
GO:0070469,respiratory chain,0,89,FALSE
GO:0098800,inner mitochondrial membrane protein complex,24,137,FALSE
GO:1990204,oxidoreductase complex,1,98,FALSE
GO:0030964,NADH dehydrogenase complex,49,51,FALSE
GO:0098798,mitochondrial protein complex,7,255,FALSE
GO:0044455,mitochondrial membrane part,48,203,FALSE
GO:0005746,mitochondrial respiratory chain,8,85,FALSE
GO:0005743,mitochondrial inner membrane,302,374,FALSE
GO:0045271,respiratory chain complex I,49,51,FALSE
GO:0036117,hyaluranon cable,2,2,TRUE
GO:0022624,proteasome accessory complex,17,20,FALSE
GO:0031983,vesicle lumen,253,332,FALSE
GO:0034774,secretory granule lumen,241,317,FALSE
GO:0060205,cytoplasmic vesicle lumen,252,331,FALSE
GO:1904813,ficolin-1-rich granule lumen,121,123,FALSE
GO:0101002,ficolin-1-rich granule,0,183,FALSE
GO:0005838,proteasome regulatory particle,8,20,FALSE
GO:0008540,proteasome regulatory particle; base subcomplex,12,12,TRUE
GO:1990712,HFE-transferrin receptor complex,8,8,TRUE
GO:0005796,Golgi lumen,90,96,FALSE
GO:0000785,chromatin,329,419,FALSE
GO:0000790,nuclear chromatin,218,296,FALSE
GO:0005788,endoplasmic reticulum lumen,265,271,FALSE
GO:0034399,nuclear periphery,18,79,FALSE
GO:0016363,nuclear matrix,60,60,TRUE
GO:0035102,PRC1 complex,15,16,FALSE
GO:0000152,nuclear ubiquitin ligase complex,43,44,FALSE
GO:0000151,ubiquitin ligase complex,239,247,FALSE
GO:0032044,DSIF complex,2,2,TRUE
GO:0000428,DNA-directed RNA polymerase complex,19,109,FALSE
GO:0005669,transcription factor TFIID complex,37,37,TRUE
GO:0061695,transferase complex; transferring phosphorus-containing groups,33,258,FALSE
GO:0090575,RNA polymerase II transcription factor complex,106,154,FALSE
GO:0044798,nuclear transcription factor complex,138,185,FALSE
GO:0055029,nuclear DNA-directed RNA polymerase complex,18,108,FALSE
GO:0030880,RNA polymerase complex,22,112,FALSE
GO:0016591,RNA polymerase II; holoenzyme,9,83,FALSE
GO:0070461,SAGA-type complex,26,27,FALSE
GO:0033276,transcription factor TFTC complex,14,14,TRUE
GO:0031248,protein acetyltransferase complex,88,89,FALSE
GO:0000123,histone acetyltransferase complex,78,79,FALSE
GO:1902493,acetyltransferase complex,0,89,FALSE
GO:0071339,MLL1 complex,27,27,TRUE
GO:0044665,MLL1/2 complex,27,27,TRUE
GO:0098793,presynapse,7,181,FALSE
GO:0030131,clathrin adaptor complex,19,20,FALSE
GO:0030128,clathrin coat of endocytic vesicle,0,16,FALSE
GO:0045334,clathrin-coated endocytic vesicle,22,60,FALSE
GO:0030122,AP-2 adaptor complex,15,16,FALSE
GO:0030120,vesicle coat,29,54,FALSE
GO:0030132,clathrin coat of coated pit,2,17,FALSE
GO:0030118,clathrin coat,10,34,FALSE
GO:0030125,clathrin vesicle coat,6,25,FALSE
GO:0030669,clathrin-coated endocytic vesicle membrane,30,44,FALSE
GO:0030662,coated vesicle membrane,70,149,FALSE
GO:0030665,clathrin-coated vesicle membrane,69,94,FALSE
GO:0005905,clathrin-coated pit,24,37,FALSE
GO:0031093,platelet alpha granule lumen,67,67,TRUE
GO:0097733,photoreceptor cell cilium,1,65,FALSE
GO:0001750,photoreceptor outer segment,25,49,FALSE
GO:0097731,9+0 non-motile cilium,1,66,FALSE
GO:0005852,eukaryotic translation initiation factor 3 complex,16,16,TRUE
GO:0034704,calcium channel complex,48,57,FALSE
GO:0005891,voltage-gated calcium channel complex,31,39,FALSE
GO:0045171,intercellular bridge,54,55,FALSE
GO:0072686,mitotic spindle,60,86,FALSE
GO:0033391,chromatoid body,8,8,TRUE
GO:0005942,phosphatidylinositol 3-kinase complex,25,28,FALSE
GO:0045254,pyruvate dehydrogenase complex,6,6,TRUE
GO:0035580,specific granule lumen,61,62,FALSE
GO:1904724,tertiary granule lumen,55,55,TRUE
GO:0042734,presynaptic membrane,43,46,FALSE
GO:0005643,nuclear pore,56,73,FALSE
GO:0042645,mitochondrial nucleoid,39,39,TRUE
GO:0009295,nucleoid,39,39,TRUE
GO:0000118,histone deacetylase complex,56,56,TRUE
GO:0061574,ASAP complex,4,4,TRUE
GO:0035145,exon-exon junction complex,21,21,TRUE
GO:0097431,mitotic spindle pole,23,25,FALSE
GO:1990023,mitotic spindle midzone,8,10,FALSE
GO:0099073,mitochondrion-derived vesicle,3,3,TRUE
GO:0005801,cis-Golgi network,33,44,FALSE
GO:0035577,azurophil granule membrane,56,58,FALSE
GO:0043202,lysosomal lumen,84,85,FALSE
GO:0005775,vacuolar lumen,158,161,FALSE
GO:0035631,CD40 receptor complex,11,11,TRUE
GO:0031526,brush border membrane,26,28,FALSE
GO:0045277,respiratory chain complex IV,17,19,FALSE
GO:0005751,mitochondrial respiratory chain complex IV,15,15,TRUE
GO:0070069,cytochrome complex,2,32,FALSE
GO:0008541,proteasome regulatory particle; lid subcomplex,7,7,TRUE
GO:0030016,myofibril,26,137,FALSE
GO:0031674,I band,15,83,FALSE
GO:0030018,Z disc,73,74,FALSE
GO:0044449,contractile fiber part,118,139,FALSE
GO:0043292,contractile fiber,29,147,FALSE
GO:0030017,sarcomere,25,124,FALSE
GO:0033268,node of Ranvier,12,12,TRUE
GO:0044304,main axon,4,41,FALSE
GO:0043194,axon initial segment,14,15,FALSE
GO:0060987,lipid tube,1,1,TRUE
GO:0032994,protein-lipid complex,3,23,FALSE
GO:0070160,tight junction,68,73,FALSE
GO:0005923,bicellular tight junction,67,72,FALSE
GO:0016327,apicolateral plasma membrane,5,5,TRUE
GO:0030864,cortical actin cytoskeleton,35,61,FALSE
GO:0030863,cortical cytoskeleton,53,80,FALSE
GO:1990907,beta-catenin-TCF complex,8,10,FALSE
GO:0030687,preribosome; large subunit precursor,20,22,FALSE
GO:0030684,preribosome,68,72,FALSE
GO:0030686,90S preribosome,9,29,FALSE
GO:0070545,PeBoW complex,5,5,TRUE
GO:0005895,interleukin-5 receptor complex,1,1,TRUE
GO:0035578,azurophil granule lumen,88,90,FALSE
GO:0005732,small nucleolar ribonucleoprotein complex,17,19,FALSE
GO:0031428,box C/D snoRNP complex,5,5,TRUE
GO:0070761,pre-snoRNP complex,6,6,TRUE
GO:0005840,ribosome,89,216,FALSE
GO:0015935,small ribosomal subunit,68,70,FALSE
GO:0022627,cytosolic small ribosomal subunit,44,46,FALSE
GO:0044445,cytosolic part,30,215,FALSE
GO:0044391,ribosomal subunit,185,188,FALSE
GO:0022626,cytosolic ribosome,9,116,FALSE
GO:0031528,microvillus membrane,8,8,TRUE
GO:0036056,filtration diaphragm,5,5,TRUE
GO:0036057,slit diaphragm,5,5,TRUE
GO:0031232,extrinsic component of external side of plasma membrane,8,8,TRUE
GO:0005779,integral component of peroxisomal membrane,13,13,TRUE
GO:0031231,intrinsic component of peroxisomal membrane,14,14,TRUE
GO:0033017,sarcoplasmic reticulum membrane,25,29,FALSE
GO:0044300,cerebellar mossy fiber,2,2,TRUE
GO:0031461,cullin-RING ubiquitin ligase complex,127,151,FALSE
GO:0005680,anaphase-promoting complex,21,21,TRUE
GO:0016514,SWI/SNF complex,15,15,TRUE
GO:0070603,SWI/SNF superfamily-type complex,41,69,FALSE
GO:0071564,npBAF complex,11,11,TRUE
GO:0071565,nBAF complex,13,13,TRUE
GO:0045281,succinate dehydrogenase complex,5,5,TRUE
GO:0045283,fumarate reductase complex,0,5,FALSE
GO:0045257,succinate dehydrogenase complex (ubiquinone),5,5,TRUE
GO:0005749,mitochondrial respiratory chain complex II; succinate dehydrogenase complex (ubiquinone),5,5,TRUE
GO:0045273,respiratory chain complex II,1,5,FALSE
GO:0071782,endoplasmic reticulum tubular network,13,20,FALSE
GO:0032541,cortical endoplasmic reticulum,5,6,FALSE
GO:0098592,cytoplasmic side of apical plasma membrane,3,3,TRUE
GO:0001772,immunological synapse,24,24,TRUE
GO:0005761,mitochondrial ribosome,23,84,FALSE
GO:0005762,mitochondrial large ribosomal subunit,56,56,TRUE
GO:0000313,organellar ribosome,23,84,FALSE
GO:0000315,organellar large ribosomal subunit,56,56,TRUE
GO:0015934,large ribosomal subunit,119,120,FALSE
GO:0030286,dynein complex,40,41,FALSE
GO:0005868,cytoplasmic dynein complex,20,20,TRUE
GO:0030137,COPI-coated vesicle,5,20,FALSE
GO:0030663,COPI-coated vesicle membrane,1,16,FALSE
GO:0030126,COPI vesicle coat,15,15,TRUE
GO:0005834,heterotrimeric G-protein complex,30,31,FALSE
GO:1905360,GTPase complex,0,31,FALSE
GO:0016234,inclusion body,66,71,FALSE
GO:0016235,aggresome,37,39,FALSE
GO:0097729,9+2 motile cilium,5,63,FALSE
GO:0030658,transport vesicle membrane,50,110,FALSE
GO:0030134,COPII-coated ER to Golgi transport vesicle,33,80,FALSE
GO:0012507,ER to Golgi transport vesicle membrane,39,51,FALSE
GO:0005793,endoplasmic reticulum-Golgi intermediate compartment,56,96,FALSE
GO:0033116,endoplasmic reticulum-Golgi intermediate compartment membrane,41,46,FALSE
GO:0070382,exocytic vesicle,28,124,FALSE
GO:0008021,synaptic vesicle,72,104,FALSE
GO:0042406,extrinsic component of endoplasmic reticulum membrane,5,5,TRUE
GO:0097038,perinuclear endoplasmic reticulum,11,12,FALSE
GO:0097197,tetraspanin-enriched microdomain,5,5,TRUE
GO:0043190,ATP-binding cassette (ABC) transporter complex,7,7,TRUE
GO:0031463,Cul3-RING ubiquitin ligase complex,35,35,TRUE
GO:0044666,MLL3/4 complex,11,11,TRUE
GO:0043293,apoptosome,2,2,TRUE
GO:0030688,preribosome; small subunit precursor,8,10,FALSE
GO:0034709,methylosome,12,12,TRUE
GO:0036126,sperm flagellum,25,58,FALSE
GO:0097225,sperm midpiece,13,14,FALSE
GO:0042575,DNA polymerase complex,13,14,FALSE
GO:0005697,telomerase holoenzyme complex,20,20,TRUE
GO:0000333,telomerase catalytic core complex,1,1,TRUE
GO:0000782,telomere cap complex,12,13,FALSE
GO:0032993,protein-DNA complex,84,117,FALSE
GO:0000783,nuclear telomere cap complex,12,13,FALSE
GO:1990572,TERT-RMRP complex,1,1,TRUE
GO:0031379,RNA-directed RNA polymerase complex,3,3,TRUE
GO:0016605,PML body,61,62,FALSE
GO:1902773,GTPase activator complex,1,1,TRUE
GO:0150005,enzyme activator complex,1,8,FALSE
GO:0000778,condensed nuclear chromosome kinetochore,8,12,FALSE
GO:0000942,condensed nuclear chromosome outer kinetochore,4,4,TRUE
GO:0000940,condensed chromosome outer kinetochore,13,13,TRUE
GO:0031262,Ndc80 complex,4,4,TRUE
GO:0005871,kinesin complex,48,49,FALSE
GO:0002116,semaphorin receptor complex,11,11,TRUE
GO:0097443,sorting endosome,5,5,TRUE
GO:0034358,plasma lipoprotein particle,21,21,TRUE
GO:0034385,triglyceride-rich plasma lipoprotein particle,14,14,TRUE
GO:1990777,lipoprotein particle,1,21,FALSE
GO:0034361,very-low-density lipoprotein particle,14,14,TRUE
GO:0034364,high-density lipoprotein particle,17,17,TRUE
GO:0043195,terminal bouton,26,27,FALSE
GO:0043679,axon terminus,21,47,FALSE
GO:0044306,neuron projection terminus,11,58,FALSE
GO:0048786,presynaptic active zone,18,29,FALSE
GO:0005666,RNA polymerase III complex,18,18,TRUE
GO:0070554,synaptobrevin 2-SNAP-25-syntaxin-3-complexin complex,2,2,TRUE
GO:0019773,proteasome core complex; alpha-subunit complex,8,8,TRUE
GO:0097169,AIM2 inflammasome complex,3,3,TRUE
GO:0061702,inflammasome complex,11,11,TRUE
GO:0045240,dihydrolipoyl dehydrogenase complex,6,11,FALSE
GO:0030062,mitochondrial tricarboxylic acid cycle enzyme complex,6,6,TRUE
GO:0045239,tricarboxylic acid cycle enzyme complex,12,12,TRUE
GO:0005947,mitochondrial alpha-ketoglutarate dehydrogenase complex,5,5,TRUE
GO:0032797,SMN complex,11,12,FALSE
GO:0120114,Sm-like protein family complex,5,74,FALSE
GO:0034719,SMN-Sm protein complex,15,16,FALSE
GO:0097504,Gemini of coiled bodies,6,7,FALSE
GO:0043198,dendritic shaft,14,17,FALSE
GO:0008385,IkappaB kinase complex,9,9,TRUE
GO:1902554,serine/threonine protein kinase complex,1,91,FALSE
GO:1902911,protein kinase complex,3,110,FALSE
GO:0005744,TIM23 mitochondrial import inner membrane translocase complex,9,13,FALSE
GO:0098573,intrinsic component of mitochondrial membrane,45,61,FALSE
GO:0032592,integral component of mitochondrial membrane,6,59,FALSE
GO:0031305,integral component of mitochondrial inner membrane,25,33,FALSE
GO:0031304,intrinsic component of mitochondrial inner membrane,26,34,FALSE
GO:0005604,basement membrane,31,38,FALSE
GO:0005652,nuclear lamina,3,3,TRUE
GO:0099738,cell cortex region,19,30,FALSE
GO:0014701,junctional sarcoplasmic reticulum membrane,9,9,TRUE
GO:0033018,sarcoplasmic reticulum lumen,4,4,TRUE
GO:0033565,ESCRT-0 complex,3,3,TRUE
GO:0031616,spindle pole centrosome,11,11,TRUE
GO:0065010,extracellular membrane-bounded organelle,0,3,FALSE
GO:0018995,host,0,13,FALSE
GO:0043656,intracellular region of host,0,9,FALSE
GO:0020003,symbiont-containing vacuole,2,3,FALSE
GO:0033655,host cell cytoplasm part,4,6,FALSE
GO:0033643,host cell part,12,12,TRUE
GO:0044215,other organism,0,18,FALSE
GO:0033646,host intracellular part,8,9,FALSE
GO:0044217,other organism part,17,18,FALSE
GO:0044216,other organism cell,3,18,FALSE
GO:0043657,host cell,0,13,FALSE
GO:0030430,host cell cytoplasm,0,6,FALSE
GO:0031672,A band,8,22,FALSE
GO:1903293,phosphatase complex,0,43,FALSE
GO:0072357,PTW/PP1 phosphatase complex,7,7,TRUE
GO:0008287,protein serine/threonine phosphatase complex,43,43,TRUE
GO:0005642,annulate lamellae,4,4,TRUE
GO:0031094,platelet dense tubular network,3,11,FALSE
GO:0031095,platelet dense tubular network membrane,9,9,TRUE
GO:0001931,uropod,8,9,FALSE
GO:0031254,cell trailing edge,0,9,FALSE
GO:0032039,integrator complex,19,22,FALSE
GO:0008091,spectrin,6,6,TRUE
GO:0048188,Set1C/COMPASS complex,13,13,TRUE
GO:0005882,intermediate filament,48,50,FALSE
GO:0043034,costamere,13,13,TRUE
GO:0060053,neurofilament cytoskeleton,1,1,TRUE
GO:0005873,plus-end kinesin complex,3,3,TRUE
GO:0016939,kinesin II complex,3,3,TRUE
GO:0032391,photoreceptor connecting cilium,19,20,FALSE
GO:0036038,MKS complex,13,13,TRUE
GO:0000930,gamma-tubulin complex,20,20,TRUE
GO:0005881,cytoplasmic microtubule,46,54,FALSE
GO:0030678,mitochondrial ribonuclease P complex,3,3,TRUE
GO:1905348,endonuclease complex,22,28,FALSE
GO:0030677,ribonuclease P complex,13,13,TRUE
GO:1902555,endoribonuclease complex,22,28,FALSE
GO:0016342,catenin complex,24,28,FALSE
GO:0055038,recycling endosome membrane,46,48,FALSE
GO:0005885,Arp2/3 protein complex,9,9,TRUE
GO:0031594,neuromuscular junction,33,33,TRUE
GO:0045211,postsynaptic membrane,50,81,FALSE
GO:0030877,beta-catenin destruction complex,12,12,TRUE
GO:0071141,SMAD protein complex,7,7,TRUE
GO:0016272,prefoldin complex,5,5,TRUE
GO:0043256,laminin complex,5,5,TRUE
GO:0044420,extracellular matrix component,14,41,FALSE
GO:0043259,laminin-10 complex,3,3,TRUE
GO:0043260,laminin-11 complex,3,3,TRUE
GO:0000314,organellar small ribosomal subunit,27,27,TRUE
GO:0005763,mitochondrial small ribosomal subunit,27,27,TRUE
GO:0017059,serine C-palmitoyltransferase complex,6,8,FALSE
GO:0002178,palmitoyltransferase complex,3,11,FALSE
GO:1905961,protein-cysteine S-palmitoyltransferase complex,0,8,FALSE
GO:0031211,endoplasmic reticulum palmitoyltransferase complex,6,8,FALSE
GO:0035339,SPOTS complex,4,4,TRUE
GO:0005657,replication fork,26,63,FALSE
GO:0033061,DNA recombinase mediator complex,7,7,TRUE
GO:0033063,Rad51B-Rad51C-Rad51D-XRCC2 complex,4,4,TRUE
GO:0070971,endoplasmic reticulum exit site,21,23,FALSE
GO:0017053,transcriptional repressor complex,51,68,FALSE
GO:0000176,nuclear exosome (RNase complex),17,17,TRUE
GO:0101003,ficolin-1-rich granule membrane,58,60,FALSE
GO:0017146,NMDA selective glutamate receptor complex,9,9,TRUE
GO:0000120,RNA polymerase I transcription factor complex,2,2,TRUE
GO:0036019,endolysosome,1,20,FALSE
GO:0036020,endolysosome membrane,14,14,TRUE
GO:0032937,SREBP-SCAP-Insig complex,3,3,TRUE
GO:0005665,RNA polymerase II; core complex,15,16,FALSE
GO:0031264,death-inducing signaling complex,8,8,TRUE
GO:0097342,ripoptosome,6,6,TRUE
GO:0042824,MHC class I peptide loading complex,2,4,FALSE
GO:0098553,lumenal side of endoplasmic reticulum membrane,0,25,FALSE
GO:0071556,integral component of lumenal side of endoplasmic reticulum membrane,22,25,FALSE
GO:0042825,TAP complex,3,3,TRUE
GO:0005681,spliceosomal complex,152,153,FALSE
GO:0005689,U12-type spliceosomal complex,26,26,TRUE
GO:0071008,U2-type post-mRNA release spliceosomal complex,3,3,TRUE
GO:0071014,post-mRNA release spliceosomal complex,7,10,FALSE
GO:0005684,U2-type spliceosomal complex,68,68,TRUE
GO:0031533,mRNA cap methyltransferase complex,2,2,TRUE
GO:0001940,male pronucleus,3,3,TRUE
GO:0045120,pronucleus,4,4,TRUE
GO:0031931,TORC1 complex,7,7,TRUE
GO:0038201,TOR complex,0,15,FALSE
GO:0031932,TORC2 complex,12,12,TRUE
GO:0005677,chromatin silencing complex,6,6,TRUE
GO:0090568,nuclear transcriptional repressor complex,8,25,FALSE
GO:0033553,rDNA heterochromatin,5,5,TRUE
GO:0000792,heterochromatin,26,45,FALSE
GO:0015030,Cajal body,32,38,FALSE
GO:0046540,U4/U6 x U5 tri-snRNP complex,25,25,TRUE
GO:0030532,small nuclear ribonucleoprotein complex,62,64,FALSE
GO:0097526,spliceosomal tri-snRNP complex,25,25,TRUE
GO:0097525,spliceosomal snRNP complex,55,57,FALSE
GO:0071001,U4/U6 snRNP,3,3,TRUE
GO:0071011,precatalytic spliceosome,2,19,FALSE
GO:0071005,U2-type precatalytic spliceosome,17,17,TRUE
GO:0035861,site of double-strand break,43,43,TRUE
GO:0090734,site of DNA damage,54,54,TRUE
GO:0032156,septin cytoskeleton,13,14,FALSE
GO:0031105,septin complex,13,14,FALSE
GO:0097227,sperm annulus,5,5,TRUE
GO:0005828,kinetochore microtubule,7,7,TRUE
GO:1990423,RZZ complex,3,3,TRUE
GO:0031225,anchored component of membrane,30,51,FALSE
GO:0046658,anchored component of plasma membrane,20,42,FALSE
GO:0071013,catalytic step 2 spliceosome,84,86,FALSE
GO:0042765,GPI-anchor transamidase complex,5,5,TRUE
GO:1902562,H4 histone acetyltransferase complex,43,43,TRUE
GO:0005671,Ada2/Gcn5/Ada3 transcription activator complex,14,14,TRUE
GO:0017101,aminoacyl-tRNA synthetase multienzyme complex,12,12,TRUE
GO:0072546,ER membrane protein complex,10,10,TRUE
GO:0016281,eukaryotic translation initiation factor 4F complex,10,10,TRUE
GO:1905370,serine-type endopeptidase complex,1,1,TRUE
GO:1905286,serine-type peptidase complex,1,1,TRUE
GO:0042622,photoreceptor outer segment membrane,9,10,FALSE
GO:0033065,Rad51C-XRCC3 complex,2,2,TRUE
GO:0048476,Holliday junction resolvase complex,5,5,TRUE
GO:0071986,Ragulator complex,6,6,TRUE
GO:0016010,dystrophin-associated glycoprotein complex,11,16,FALSE
GO:0090665,glycoprotein complex,11,16,FALSE
GO:0032009,early phagosome,7,7,TRUE
GO:0030008,TRAPP complex,12,12,TRUE
GO:0000815,ESCRT III complex,12,12,TRUE
GO:0071007,U2-type catalytic step 2 spliceosome,29,29,TRUE
GO:0043596,nuclear replication fork,11,43,FALSE
GO:0005662,DNA replication factor A complex,16,16,TRUE
GO:0043601,nuclear replisome,0,26,FALSE
GO:0030894,replisome,3,29,FALSE
GO:0070938,contractile ring,6,11,FALSE
GO:1990047,spindle matrix,1,1,TRUE
GO:0031143,pseudopodium,9,9,TRUE
GO:0030956,glutamyl-tRNA(Gln) amidotransferase complex,3,3,TRUE
GO:0031588,nucleotide-activated protein kinase complex,12,13,FALSE
GO:0030672,synaptic vesicle membrane,34,46,FALSE
GO:0099501,exocytic vesicle membrane,0,46,FALSE
GO:0005849,mRNA cleavage factor complex,19,19,TRUE
GO:0005847,mRNA cleavage and polyadenylation specificity factor complex,16,16,TRUE
GO:0042382,paraspeckles,5,5,TRUE
GO:0000159,protein phosphatase type 2A complex,22,22,TRUE
GO:0000808,origin recognition complex,8,8,TRUE
GO:0005664,nuclear origin of replication recognition complex,8,8,TRUE
GO:0008278,cohesin complex,13,13,TRUE
GO:0005811,lipid droplet,62,64,FALSE
GO:0016592,mediator complex,33,33,TRUE
GO:0031092,platelet alpha granule membrane,16,17,FALSE
GO:1904090,peptidase inhibitor complex,5,5,TRUE
GO:0097179,protease inhibitor complex,5,5,TRUE
GO:0097180,serine protease inhibitor complex,3,3,TRUE
GO:0097413,Lewy body,5,7,FALSE
GO:0019005,SCF ubiquitin ligase complex,50,54,FALSE
GO:0016589,NURF complex,7,7,TRUE
GO:0031010,ISWI-type complex,10,10,TRUE
GO:0061689,tricellular tight junction,1,1,TRUE
GO:0030061,mitochondrial crista,2,4,FALSE
GO:0000153,cytoplasmic ubiquitin ligase complex,10,10,TRUE
GO:0000835,ER ubiquitin ligase complex,5,5,TRUE
GO:1990391,DNA repair complex,6,37,FALSE
GO:0032281,AMPA glutamate receptor complex,11,18,FALSE
GO:0001533,cornified envelope,49,63,FALSE
GO:0044233,Mitochondria-associated ER Membrane,11,11,TRUE
GO:0030904,retromer complex,21,21,TRUE
GO:0070937,CRD-mediated mRNA stability complex,6,6,TRUE
GO:0071204,histone pre-mRNA 3'end processing complex,5,5,TRUE
GO:0097452,GAIT complex,4,4,TRUE
GO:0008024,cyclin/CDK positive transcription elongation factor complex,8,8,TRUE
GO:0032806,carboxy-terminal domain protein kinase complex,11,24,FALSE
GO:0019908,nuclear cyclin-dependent protein kinase holoenzyme complex,10,16,FALSE
GO:0000307,cyclin-dependent protein kinase holoenzyme complex,45,49,FALSE
GO:0035354,Toll-like receptor 1-Toll-like receptor 2 protein complex,2,2,TRUE
GO:0031430,M band,14,16,FALSE
GO:0016035,zeta DNA polymerase complex,2,2,TRUE
GO:0008282,inward rectifying potassium channel,3,3,TRUE
GO:0098855,HCN channel complex,3,3,TRUE
GO:0030905,retromer; tubulation complex,4,4,TRUE
GO:0031501,mannosyltransferase complex,4,4,TRUE
GO:0033185,dolichol-phosphate-mannose synthase complex,3,3,TRUE
GO:0031429,box H/ACA snoRNP complex,4,4,TRUE
GO:0072588,box H/ACA RNP complex,0,4,FALSE
GO:0072589,box H/ACA scaRNP complex,4,4,TRUE
GO:0090661,box H/ACA telomerase RNP complex,4,4,TRUE
GO:1903439,calcitonin family receptor complex,5,5,TRUE
GO:0097648,G-protein coupled receptor complex,9,9,TRUE
GO:1903440,amylin receptor complex,4,4,TRUE
GO:1990406,CGRP receptor complex,2,2,TRUE
GO:0038037,G-protein coupled receptor dimeric complex,7,7,TRUE
GO:1903143,adrenomedullin receptor complex,3,3,TRUE
GO:0030870,Mre11 complex,7,7,TRUE
GO:0042405,nuclear inclusion body,11,11,TRUE
GO:0001518,voltage-gated sodium channel complex,11,14,FALSE
GO:0034706,sodium channel complex,15,23,FALSE
GO:0044327,dendritic spine head,4,5,FALSE
GO:1902937,inward rectifier potassium channel complex,2,2,TRUE
GO:1990454,L-type voltage-gated calcium channel complex,9,12,FALSE
GO:0016600,flotillin complex,7,7,TRUE
GO:0045180,basal cortex,5,5,TRUE
GO:0044292,dendrite terminus,1,7,FALSE
GO:0044294,dendritic growth cone,6,6,TRUE
GO:1990130,GATOR1 complex,6,6,TRUE
GO:0000407,phagophore assembly site,20,28,FALSE
GO:0098875,epididymosome,1,1,TRUE
GO:1990742,microvesicle,2,3,FALSE
GO:0032839,dendrite cytoplasm,13,13,TRUE
GO:0120111,neuron projection cytoplasm,13,16,FALSE
GO:1990393,3M complex,5,5,TRUE
GO:0031371,ubiquitin conjugating enzyme complex,3,9,FALSE
GO:0033503,HULC complex,5,5,TRUE
GO:0000346,transcription export complex,14,14,TRUE
GO:1990851,Wnt-Frizzled-LRP5/6 complex,3,3,TRUE
GO:1990909,Wnt signalosome,9,9,TRUE
GO:0034707,chloride channel complex,4,7,FALSE
GO:0016935,glycine-gated chloride channel complex,2,2,TRUE
GO:0030127,COPII vesicle coat,15,15,TRUE
GO:0090543,Flemming body,15,16,FALSE
GO:0044815,DNA packaging complex,0,36,FALSE
GO:0000786,nucleosome,23,29,FALSE
GO:0005720,nuclear heterochromatin,20,20,TRUE
GO:0000803,sex chromosome,5,8,FALSE
GO:0001739,sex chromatin,1,1,TRUE
GO:0000805,X chromosome,2,5,FALSE
GO:0001740,Barr body,3,3,TRUE
GO:0005721,pericentric heterochromatin,9,12,FALSE
GO:0016580,Sin3 complex,13,13,TRUE
GO:0070822,Sin3-type complex,16,16,TRUE
GO:0034045,phagophore assembly site membrane,11,11,TRUE
GO:0097629,extrinsic component of omegasome membrane,3,3,TRUE
GO:1990462,omegasome,2,5,FALSE
GO:1903349,omegasome membrane,0,4,FALSE
GO:0097632,extrinsic component of phagophore assembly site membrane,2,2,TRUE
GO:0097635,extrinsic component of autophagosome membrane,1,1,TRUE
GO:0000421,autophagosome membrane,17,19,FALSE
GO:0000306,extrinsic component of vacuolar membrane,3,3,TRUE
GO:0032045,guanyl-nucleotide exchange factor complex,10,10,TRUE
GO:0030906,retromer; cargo-selective complex,4,4,TRUE
GO:0097422,tubular endosome,5,5,TRUE
GO:0002141,stereocilia ankle link,2,4,FALSE
GO:0002142,stereocilia ankle link complex,3,4,FALSE
GO:0002139,stereocilia coupling link,2,4,FALSE
GO:0060171,stereocilium membrane,1,1,TRUE
GO:1990332,Ire1 complex,1,1,TRUE
GO:1990604,IRE1-TRAF2-ASK1 complex,4,4,TRUE
GO:1990630,IRE1-RACK1-PP2A complex,2,2,TRUE
GO:0097058,CRLF-CLCF1 complex,2,2,TRUE
GO:0035327,transcriptionally active chromatin,23,24,FALSE
GO:0000125,PCAF complex,5,5,TRUE
GO:0030914,STAGA complex,11,11,TRUE
GO:0005686,U2 snRNP,19,21,FALSE
GO:0034693,U11/U12 snRNP,1,1,TRUE
GO:0070578,RISC-loading complex,9,9,TRUE
GO:0009360,DNA polymerase III complex,1,1,TRUE
GO:0008305,integrin complex,23,24,FALSE
GO:0098636,protein complex involved in cell adhesion,26,27,FALSE
GO:0034680,integrin alpha10-beta1 complex,2,2,TRUE
GO:0032444,activin responsive factor complex,3,3,TRUE
GO:0071682,endocytic vesicle lumen,16,18,FALSE
GO:0097013,phagocytic vesicle lumen,3,3,TRUE
GO:0005682,U5 snRNP,16,16,TRUE
GO:0001652,granular component,4,4,TRUE
GO:0032040,small-subunit processome,36,37,FALSE
GO:0005921,gap junction,8,9,FALSE
GO:0031235,intrinsic component of the cytoplasmic side of the plasma membrane,7,7,TRUE
GO:0031527,filopodium membrane,12,12,TRUE
GO:0032299,ribonuclease H2 complex,3,3,TRUE
GO:0000164,protein phosphatase type 1 complex,5,5,TRUE
GO:0000172,ribonuclease MRP complex,6,6,TRUE
GO:0030681,multimeric ribonuclease P complex,10,10,TRUE
GO:0005655,nucleolar ribonuclease P complex,7,7,TRUE
GO:0032437,cuticular plate,1,2,FALSE
GO:0030130,clathrin coat of trans-Golgi network vesicle,2,8,FALSE
GO:0012510,trans-Golgi network transport vesicle membrane,1,9,FALSE
GO:0030121,AP-1 adaptor complex,5,6,FALSE
GO:0044190,host cell mitochondrial envelope,0,1,FALSE
GO:0033647,host intracellular organelle,1,5,FALSE
GO:0033648,host intracellular membrane-bounded organelle,1,5,FALSE
GO:0072492,host cell mitochondrial intermembrane space,1,1,TRUE
GO:0033650,host cell mitochondrion,0,1,FALSE
GO:1902710,GABA receptor complex,17,20,FALSE
GO:0097381,photoreceptor disc membrane,18,21,FALSE
GO:0005753,mitochondrial proton-transporting ATP synthase complex,21,22,FALSE
GO:0045259,proton-transporting ATP synthase complex,21,22,FALSE
GO:0097524,sperm plasma membrane,2,4,FALSE
GO:0035686,sperm fibrous sheath,4,4,TRUE
GO:0097228,sperm principal piece,9,12,FALSE
GO:0009368,endopeptidase Clp complex,2,2,TRUE
GO:0009841,mitochondrial endopeptidase Clp complex,1,1,TRUE
GO:0097440,apical dendrite,10,10,TRUE
GO:0071817,MMXD complex,5,5,TRUE
GO:0097361,CIA complex,5,5,TRUE
GO:0048500,signal recognition particle,8,9,FALSE
GO:0005786,signal recognition particle; endoplasmic reticulum targeting,5,6,FALSE
GO:0090545,CHD-type complex,0,17,FALSE
GO:0016581,NuRD complex,17,17,TRUE
GO:0000506,glycosylphosphatidylinositol-N-acetylglucosaminyltransferase (GPI-GnT) complex,7,8,FALSE
GO:0097427,microtubule bundle,5,5,TRUE
GO:0031045,dense core granule,9,11,FALSE
GO:0005742,mitochondrial outer membrane translocase complex,9,9,TRUE
GO:0098799,outer mitochondrial membrane protein complex,13,13,TRUE
GO:0005790,smooth endoplasmic reticulum,15,20,FALSE
GO:0030673,axolemma,7,7,TRUE
GO:0043209,myelin sheath,10,12,FALSE
GO:0005791,rough endoplasmic reticulum,29,47,FALSE
GO:0034098,VCP-NPL4-UFD1 AAA ATPase complex,9,9,TRUE
GO:0106083,nuclear membrane protein complex,7,9,FALSE
GO:0034992,microtubule organizing center attachment site,0,9,FALSE
GO:0034993,meiotic nuclear membrane microtubule tethering complex,7,9,FALSE
GO:0106094,nuclear membrane microtubule tethering complex,7,9,FALSE
GO:0000308,cytoplasmic cyclin-dependent protein kinase holoenzyme complex,2,2,TRUE
GO:0070652,HAUS complex,8,8,TRUE
GO:0000242,pericentriolar material,16,16,TRUE
GO:0045098,type III intermediate filament,2,2,TRUE
GO:0031306,intrinsic component of mitochondrial outer membrane,19,20,FALSE
GO:0033588,Elongator holoenzyme complex,6,6,TRUE
GO:0045092,interleukin-18 receptor complex,2,2,TRUE
GO:1904602,serotonin-activated cation-selective channel complex,2,2,TRUE
GO:0031083,BLOC-1 complex,15,15,TRUE
GO:0031082,BLOC complex,17,17,TRUE
GO:0099078,BORC complex,8,8,TRUE
GO:0000796,condensin complex,7,7,TRUE
GO:0031466,Cul5-RING ubiquitin ligase complex,6,6,TRUE
GO:0036449,microtubule minus-end,8,8,TRUE
GO:1990752,microtubule end,25,25,TRUE
GO:0034362,low-density lipoprotein particle,7,7,TRUE
GO:0034365,discoidal high-density lipoprotein particle,2,2,TRUE
GO:0034366,spherical high-density lipoprotein particle,8,8,TRUE
GO:0071595,Nem1-Spo7 phosphatase complex,2,2,TRUE
GO:0043189,H4/H2A histone acetyltransferase complex,21,21,TRUE
GO:0035267,NuA4 histone acetyltransferase complex,21,21,TRUE
GO:0070775,H3 histone acetyltransferase complex,7,7,TRUE
GO:0070776,MOZ/MORF histone acetyltransferase complex,7,7,TRUE
GO:0020018,ciliary pocket membrane,3,3,TRUE
GO:0020016,ciliary pocket,0,3,FALSE
GO:1901588,dendritic microtubule,3,3,TRUE
GO:0097255,R2TP complex,6,6,TRUE
GO:0097425,smooth endoplasmic reticulum part,0,5,FALSE
GO:0030868,smooth endoplasmic reticulum membrane,5,5,TRUE
GO:0031258,lamellipodium membrane,8,8,TRUE
GO:0032449,CBM complex,4,4,TRUE
GO:0042101,T cell receptor complex,16,16,TRUE
GO:0031307,integral component of mitochondrial outer membrane,18,19,FALSE
GO:0097208,alveolar lamellar body,4,5,FALSE
GO:0042599,lamellar body,12,15,FALSE
GO:0097486,multivesicular body lumen,4,7,FALSE
GO:0031906,late endosome lumen,6,9,FALSE
GO:0033202,DNA helicase complex,15,15,TRUE
GO:0031011,Ino80 complex,15,15,TRUE
GO:0097346,INO80-type complex,10,23,FALSE
GO:0045275,respiratory chain complex III,13,14,FALSE
GO:0005750,mitochondrial respiratory chain complex III,13,14,FALSE
GO:0005833,hemoglobin complex,10,11,FALSE
GO:0070435,Shc-EGFR complex,2,2,TRUE
GO:0097489,multivesicular body; internal vesicle lumen,1,1,TRUE
GO:0097487,multivesicular body; internal vesicle,3,4,FALSE
GO:0031838,haptoglobin-hemoglobin complex,9,10,FALSE
GO:0031233,intrinsic component of external side of plasma membrane,21,23,FALSE
GO:0044218,other organism cell membrane,3,4,FALSE
GO:0044279,other organism membrane,3,4,FALSE
GO:0046930,pore complex,13,13,TRUE
GO:0005579,membrane attack complex,6,6,TRUE
GO:0035976,transcription factor AP-1 complex,5,5,TRUE
GO:1990666,PCSK9-LDLR complex,2,2,TRUE
GO:0061696,pituitary gonadotropin complex,2,2,TRUE
GO:0016914,follicle-stimulating hormone complex,2,2,TRUE
GO:0070195,growth hormone receptor complex,2,2,TRUE
GO:0071746,IgA immunoglobulin complex; circulating,1,1,TRUE
GO:0071748,monomeric IgA immunoglobulin complex,1,1,TRUE
GO:0019814,immunoglobulin complex,6,6,TRUE
GO:0042571,immunoglobulin complex; circulating,3,3,TRUE
GO:0071745,IgA immunoglobulin complex,0,1,FALSE
GO:0071749,polymeric IgA immunoglobulin complex,1,1,TRUE
GO:0071750,dimeric IgA immunoglobulin complex,1,1,TRUE
GO:0071751,secretory IgA immunoglobulin complex,1,1,TRUE
GO:0071752,secretory dimeric IgA immunoglobulin complex,1,1,TRUE
GO:0071756,pentameric IgM immunoglobulin complex,1,1,TRUE
GO:0071754,IgM immunoglobulin complex; circulating,1,1,TRUE
GO:0071753,IgM immunoglobulin complex,0,1,FALSE
GO:0071757,hexameric IgM immunoglobulin complex,1,1,TRUE
GO:0042611,MHC protein complex,14,15,FALSE
GO:0042613,MHC class II protein complex,12,13,FALSE
GO:0005583,fibrillar collagen trimer,11,11,TRUE
GO:0005581,collagen trimer,30,30,TRUE
GO:0098643,banded collagen fibril,0,11,FALSE
GO:0098644,complex of collagen trimers,0,19,FALSE
GO:0005584,collagen type I trimer,2,2,TRUE
GO:0005585,collagen type II trimer,1,1,TRUE
GO:0005586,collagen type III trimer,1,1,TRUE
GO:0098642,network-forming collagen trimer,6,7,FALSE
GO:0098645,collagen network,0,7,FALSE
GO:0098651,basement membrane collagen trimer,1,8,FALSE
GO:0005587,collagen type IV trimer,6,6,TRUE
GO:0045095,keratin filament,13,14,FALSE
GO:0014731,spectrin-associated cytoskeleton,8,8,TRUE
GO:0005861,troponin complex,8,8,TRUE
GO:0036379,myofilament,16,30,FALSE
GO:0005865,striated muscle thin filament,16,29,FALSE
GO:0034363,intermediate-density lipoprotein particle,4,4,TRUE
GO:0042627,chylomicron,9,9,TRUE
GO:0005577,fibrinogen complex,9,9,TRUE
GO:0005892,acetylcholine-gated channel complex,15,16,FALSE
GO:0005602,complement component C1 complex,2,2,TRUE
GO:0031089,platelet dense granule lumen,13,14,FALSE
GO:0020005,symbiont-containing vacuole membrane,2,2,TRUE
GO:0097679,other organism cytoplasm,2,2,TRUE
GO:0070288,ferritin complex,0,2,FALSE
GO:0008043,intracellular ferritin complex,2,2,TRUE
GO:0044754,autolysosome,8,8,TRUE
GO:0005767,secondary lysosome,13,13,TRUE
GO:0097550,transcriptional preinitiation complex,7,7,TRUE
GO:0032311,angiogenin-PRI complex,1,1,TRUE
GO:0071062,alphav-beta3 integrin-vitronectin complex,3,3,TRUE
GO:0061827,sperm head,6,7,FALSE
GO:0034359,mature chylomicron,1,1,TRUE
GO:0034360,chylomicron remnant,1,1,TRUE
GO:0031362,anchored component of external side of plasma membrane,18,19,FALSE
GO:0044298,cell body membrane,18,19,FALSE
GO:0032809,neuronal cell body membrane,18,19,FALSE
GO:0035692,macrophage migration inhibitory factor receptor complex,2,2,TRUE
GO:0033093,Weibel-Palade body,3,3,TRUE
GO:0043020,NADPH oxidase complex,8,8,TRUE
GO:0008250,oligosaccharyltransferase complex,12,12,TRUE
GO:0016942,insulin-like growth factor binding protein complex,5,5,TRUE
GO:0036454,growth factor complex,5,5,TRUE
GO:0035867,alphav-beta3 integrin-IGF-1-IGF1R complex,4,4,TRUE
GO:0042567,insulin-like growth factor ternary complex,4,4,TRUE
GO:0005641,nuclear envelope lumen,5,5,TRUE
GO:0034683,integrin alphav-beta3 complex,2,2,TRUE
GO:0035866,alphav-beta3 integrin-PKCalpha complex,3,3,TRUE
GO:0035868,alphav-beta3 integrin-HMGB1 complex,3,3,TRUE
GO:0034687,integrin alphaL-beta2 complex,2,2,TRUE
GO:0034688,integrin alphaM-beta2 complex,2,2,TRUE
GO:0034673,inhibin-betaglycan-ActRII complex,3,3,TRUE
GO:0043511,inhibin complex,2,2,TRUE
GO:0043512,inhibin A complex,2,2,TRUE
GO:0036024,protein C inhibitor-TMPRSS7 complex,1,1,TRUE
GO:0036025,protein C inhibitor-TMPRSS11E complex,1,1,TRUE
GO:0036026,protein C inhibitor-PLAT complex,1,1,TRUE
GO:0036027,protein C inhibitor-PLAU complex,1,1,TRUE
GO:0036028,protein C inhibitor-thrombin complex,1,1,TRUE
GO:0036029,protein C inhibitor-KLK3 complex,1,1,TRUE
GO:0036030,protein C inhibitor-plasma kallikrein complex,1,1,TRUE
GO:0097181,protein C inhibitor-coagulation factor V complex,1,1,TRUE
GO:0097182,protein C inhibitor-coagulation factor Xa complex,1,1,TRUE
GO:0097183,protein C inhibitor-coagulation factor XI complex,1,1,TRUE
GO:0005844,polysome,39,66,FALSE
GO:0005850,eukaryotic translation initiation factor 2 complex,4,4,TRUE
GO:0005851,eukaryotic translation initiation factor 2B complex,6,6,TRUE
GO:0005896,interleukin-6 receptor complex,3,3,TRUE
GO:0022625,cytosolic large ribosomal subunit,62,63,FALSE
GO:0005719,nuclear euchromatin,17,18,FALSE
GO:0000791,euchromatin,3,21,FALSE
GO:0034665,integrin alpha1-beta1 complex,2,2,TRUE
GO:0034666,integrin alpha2-beta1 complex,2,2,TRUE
GO:0034667,integrin alpha3-beta1 complex,2,2,TRUE
GO:0034678,integrin alpha8-beta1 complex,2,2,TRUE
GO:0034681,integrin alpha11-beta1 complex,2,2,TRUE
GO:0071438,invadopodium membrane,5,5,TRUE
GO:0097386,glial cell projection,7,7,TRUE
GO:0005859,muscle myosin complex,18,18,TRUE
GO:0016460,myosin II complex,23,24,FALSE
GO:0005588,collagen type V trimer,3,3,TRUE
GO:0005899,insulin receptor complex,5,5,TRUE
GO:0030478,actin cap,1,1,TRUE
GO:0035189,Rb-E2F complex,3,3,TRUE
GO:0097125,cyclin B1-CDK1 complex,2,2,TRUE
GO:0045261,proton-transporting ATP synthase complex; catalytic core F(1),4,5,FALSE
GO:0005754,mitochondrial proton-transporting ATP synthase; catalytic core,1,1,TRUE
GO:0045267,proton-transporting ATP synthase; catalytic core,1,1,TRUE
GO:0000275,mitochondrial proton-transporting ATP synthase complex; catalytic core F(1),4,5,FALSE
GO:0033178,proton-transporting two-sector ATPase complex; catalytic domain,7,8,FALSE
GO:0016442,RISC complex,9,9,TRUE
GO:0031332,RNAi effector complex,9,9,TRUE
GO:0071575,integral component of external side of plasma membrane,1,1,TRUE
GO:0000015,phosphopyruvate hydratase complex,1,1,TRUE
GO:0005862,muscle thin filament tropomyosin,4,4,TRUE
GO:0034684,integrin alphav-beta5 complex,2,2,TRUE
GO:0034686,integrin alphav-beta8 complex,2,2,TRUE
GO:0090741,pigment granule membrane,0,9,FALSE
GO:0045009,chitosome,0,9,FALSE
GO:0033162,melanosome membrane,9,9,TRUE
GO:0005883,neurofilament,4,4,TRUE
GO:0033596,TSC1-TSC2 complex,3,3,TRUE
GO:0097418,neurofibrillary tangle,5,5,TRUE
GO:0016222,procollagen-proline 4-dioxygenase complex,1,1,TRUE
GO:0044322,endoplasmic reticulum quality control compartment,8,8,TRUE
GO:1990682,CSF1-CSF1R complex,2,2,TRUE
GO:1990667,PCSK9-AnxA2 complex,2,2,TRUE
GO:0036021,endolysosome lumen,5,5,TRUE
GO:0005606,laminin-1 complex,3,3,TRUE
GO:0005607,laminin-2 complex,1,1,TRUE
GO:0043257,laminin-8 complex,1,1,TRUE
GO:0000109,nucleotide-excision repair complex,12,12,TRUE
GO:0000110,nucleotide-excision repair factor 1 complex,3,3,TRUE
GO:0070522,ERCC4-ERCC1 complex,3,3,TRUE
GO:0060342,photoreceptor inner segment membrane,2,2,TRUE
GO:0036457,keratohyalin granule,3,4,FALSE
GO:0005945,6-phosphofructokinase complex,3,3,TRUE
GO:0034751,aryl hydrocarbon receptor complex,2,2,TRUE
GO:0098563,intrinsic component of synaptic vesicle membrane,0,14,FALSE
GO:0030285,integral component of synaptic vesicle membrane,10,12,FALSE
GO:0043509,activin A complex,1,1,TRUE
GO:0048180,activin complex,1,1,TRUE
GO:0005685,U1 snRNP,18,18,TRUE
GO:0070110,ciliary neurotrophic factor receptor complex,4,4,TRUE
GO:0097057,TRAF2-GSTP1 complex,2,2,TRUE
GO:0032433,filopodium tip,11,11,TRUE
GO:0000788,nuclear nucleosome,8,12,FALSE
GO:0032059,bleb,4,4,TRUE
GO:0071439,clathrin complex,7,8,FALSE
GO:0045252,oxoglutarate dehydrogenase complex,6,7,FALSE
GO:0005658,alpha DNA polymerase:primase complex,6,6,TRUE
GO:0042629,mast cell granule,2,2,TRUE
GO:0043159,acrosomal matrix,2,3,FALSE
GO:0005967,mitochondrial pyruvate dehydrogenase complex,2,2,TRUE
GO:0098575,lumenal side of lysosomal membrane,2,2,TRUE
GO:0098576,lumenal side of membrane,0,3,FALSE
GO:0045298,tubulin complex,3,3,TRUE
GO:0042583,chromaffin granule,1,3,FALSE
GO:0019907,cyclin-dependent protein kinase activating kinase holoenzyme complex,7,7,TRUE
GO:0097512,cardiac myofibril,5,5,TRUE
GO:0034663,endoplasmic reticulum chaperone complex,7,7,TRUE
GO:0043203,axon hillock,2,2,TRUE
GO:0044307,dendritic branch,2,2,TRUE
GO:0097441,basal dendrite,4,4,TRUE
GO:0150001,primary dendrite,2,2,TRUE
GO:0150002,distal dendrite,1,1,TRUE
GO:0150014,apical distal dendrite,1,1,TRUE
GO:1902737,dendritic filopodium,2,2,TRUE
GO:1990635,proximal dendrite,3,3,TRUE
GO:1990769,proximal neuron projection,1,1,TRUE
GO:0000974,Prp19 complex,14,14,TRUE
GO:0060198,clathrin-sculpted vesicle,0,12,FALSE
GO:0061200,clathrin-sculpted gamma-aminobutyric acid transport vesicle,0,8,FALSE
GO:0061202,clathrin-sculpted gamma-aminobutyric acid transport vesicle membrane,8,8,TRUE
GO:0009330,DNA topoisomerase complex (ATP-hydrolyzing),2,2,TRUE
GO:0019035,viral integration complex,1,1,TRUE
GO:0072379,ER membrane insertion complex,5,5,TRUE
GO:0071818,BAT3 complex,3,3,TRUE
GO:0016013,syntrophin complex,4,4,TRUE
GO:0019815,B cell receptor complex,3,3,TRUE
GO:0005663,DNA replication factor C complex,6,6,TRUE
GO:0043626,PCNA complex,1,1,TRUE
GO:0044796,DNA polymerase processivity factor complex,1,1,TRUE
GO:0070557,PCNA-p21 complex,2,2,TRUE
GO:0005592,collagen type XI trimer,2,2,TRUE
GO:0098647,collagen beaded filament,0,2,FALSE
GO:0005589,collagen type VI trimer,2,2,TRUE
GO:0044615,nuclear pore nuclear basket,7,10,FALSE
GO:0070724,BMP receptor complex,2,2,TRUE
GO:0032982,myosin filament,6,9,FALSE
GO:0043564,Ku70:Ku80 complex,3,3,TRUE
GO:0070419,nonhomologous end joining complex,8,9,FALSE
GO:0030867,rough endoplasmic reticulum membrane,2,17,FALSE
GO:0031205,endoplasmic reticulum Sec complex,2,3,FALSE
GO:0034669,integrin alpha4-beta7 complex,2,2,TRUE
GO:0032398,MHC class Ib protein complex,1,1,TRUE
GO:0042612,MHC class I protein complex,2,2,TRUE
GO:0005952,cAMP-dependent protein kinase complex,6,6,TRUE
GO:0044194,cytolytic granule,4,4,TRUE
GO:0017177,glucosidase II complex,2,2,TRUE
GO:0032010,phagolysosome,4,4,TRUE
GO:0032593,insulin-responsive compartment,6,6,TRUE
GO:0005683,U7 snRNP,7,7,TRUE
GO:0005687,U4 snRNP,10,10,TRUE
GO:1902711,GABA-A receptor complex,16,19,FALSE
GO:0005915,zonula adherens,6,6,TRUE
GO:0030057,desmosome,13,13,TRUE
GO:0071664,catenin-TCF7L2 complex,4,4,TRUE
GO:0071665,gamma-catenin-TCF7L2 complex,1,1,TRUE
GO:0030056,hemidesmosome,7,7,TRUE
GO:0000138,Golgi trans cisterna,7,7,TRUE
GO:0036398,TCR signalosome,2,2,TRUE
GO:0071953,elastic fiber,4,4,TRUE
GO:0005964,phosphorylase kinase complex,4,4,TRUE
GO:0070369,beta-catenin-TCF7L2 complex,3,3,TRUE
GO:0043540,6-phosphofructo-2-kinase/fructose-2;6-biphosphatase complex,1,1,TRUE
GO:1990589,ATF4-CREB1 transcription factor complex,2,2,TRUE
GO:0005955,calcineurin complex,4,4,TRUE
GO:0044224,juxtaparanode region of axon,9,9,TRUE
GO:0035985,senescence-associated heterochromatin focus,3,3,TRUE
GO:0005922,connexin complex,4,4,TRUE
GO:0033193,Lsd1/2 complex,1,1,TRUE
GO:0036488,CHOP-C/EBP complex,2,2,TRUE
GO:0070022,transforming growth factor beta receptor complex,4,4,TRUE
GO:0005832,chaperonin-containing T-complex,9,10,FALSE
GO:0101031,chaperone complex,5,15,FALSE
GO:0098554,cytoplasmic side of endoplasmic reticulum membrane,7,13,FALSE
GO:0005675,transcription factor TFIIH holo complex,11,12,FALSE
GO:0032021,NELF complex,4,4,TRUE
GO:1990590,ATF1-ATF4 transcription factor complex,2,2,TRUE
GO:1990622,CHOP-ATF3 complex,2,2,TRUE
GO:1990037,Lewy body core,3,3,TRUE
GO:1990617,CHOP-ATF4 complex,2,2,TRUE
GO:0071065,alpha9-beta1 integrin-vascular cell adhesion molecule-1 complex,2,2,TRUE
GO:1990584,cardiac Troponin complex,3,3,TRUE
GO:0033256,I-kappaB/NF-kappaB complex,4,4,TRUE
GO:0042584,chromaffin granule membrane,2,2,TRUE
GO:0005672,transcription factor TFIIA complex,4,5,FALSE
GO:0097124,cyclin A2-CDK2 complex,2,2,TRUE
GO:0060201,clathrin-sculpted acetylcholine transport vesicle membrane,2,3,FALSE
GO:0060200,clathrin-sculpted acetylcholine transport vesicle,0,3,FALSE
GO:0060199,clathrin-sculpted glutamate transport vesicle,0,4,FALSE
GO:0060203,clathrin-sculpted glutamate transport vesicle membrane,4,4,TRUE
GO:0070081,clathrin-sculpted monoamine transport vesicle,0,5,FALSE
GO:0070083,clathrin-sculpted monoamine transport vesicle membrane,5,5,TRUE
GO:0010009,cytoplasmic side of endosome membrane,4,4,TRUE
GO:0098559,cytoplasmic side of early endosome membrane,3,3,TRUE
GO:0070381,endosome to plasma membrane transport vesicle,2,2,TRUE
GO:0032302,MutSbeta complex,2,2,TRUE
GO:0032300,mismatch repair complex,10,10,TRUE
GO:0032996,Bcl3-Bcl10 complex,1,1,TRUE
GO:0033257,Bcl3/NF-kappaB2 complex,2,2,TRUE
GO:0005594,collagen type IX trimer,3,3,TRUE
GO:0005593,FACIT collagen trimer,6,6,TRUE
GO:0043218,compact myelin,2,5,FALSE
GO:0031523,Myb complex,1,1,TRUE
GO:0005757,mitochondrial permeability transition pore complex,4,4,TRUE
GO:0014802,terminal cisterna,2,2,TRUE
GO:1990425,ryanodine receptor complex,3,3,TRUE
GO:0005827,polar microtubule,5,5,TRUE
GO:0071159,NF-kappaB complex,2,2,TRUE
GO:0016602,CCAAT-binding factor complex,4,4,TRUE
GO:0005968,Rab-protein geranylgeranyltransferase complex,4,4,TRUE
GO:0043196,varicosity,1,1,TRUE
GO:0005853,eukaryotic translation elongation factor 1 complex,2,2,TRUE
GO:0042568,insulin-like growth factor binary complex,1,1,TRUE
GO:0042555,MCM complex,11,11,TRUE
GO:0031265,CD95 death-inducing signaling complex,5,5,TRUE
GO:0071004,U2-type prespliceosome,14,14,TRUE
GO:0071010,prespliceosome,0,14,FALSE
GO:0089701,U2AF,4,4,TRUE
GO:0098745,Dcp1-Dcp2 complex,1,1,TRUE
GO:0090534,calcium ion-transporting ATPase complex,1,1,TRUE
GO:0097059,CNTFR-CLCF1 complex,3,3,TRUE
GO:0030935,sheet-forming collagen trimer,0,1,FALSE
GO:0005598,short-chain collagen trimer,1,1,TRUE
GO:0098646,collagen sheet,0,1,FALSE
GO:0005591,collagen type VIII trimer,1,1,TRUE
GO:0097651,phosphatidylinositol 3-kinase complex; class I,5,5,TRUE
GO:0005943,phosphatidylinositol 3-kinase complex; class IA,2,2,TRUE
GO:1990111,spermatoproteasome complex,5,5,TRUE
GO:0016593,Cdc73/Paf1 complex,8,8,TRUE
GO:0071148,TEAD-1-YAP complex,2,2,TRUE
GO:0090537,CERF complex,2,2,TRUE
GO:0036053,glomerular endothelium fenestra,1,1,TRUE
GO:0043514,interleukin-12 complex,3,3,TRUE
GO:0070743,interleukin-23 complex,3,3,TRUE
GO:0072557,IPAF inflammasome complex,2,2,TRUE
GO:0072558,NLRP1 inflammasome complex,4,4,TRUE
GO:0072559,NLRP3 inflammasome complex,6,6,TRUE
GO:0044228,host cell surface,1,1,TRUE
GO:0048237,rough endoplasmic reticulum lumen,1,1,TRUE
GO:0035371,microtubule plus-end,17,17,TRUE
GO:0044352,pinosome,5,5,TRUE
GO:0044354,macropinosome,5,5,TRUE
GO:0048269,methionine adenosyltransferase complex,2,2,TRUE
GO:0097165,nuclear stress granule,5,5,TRUE
GO:0030526,granulocyte macrophage colony-stimulating factor receptor complex,1,1,TRUE
GO:0071920,cleavage body,2,2,TRUE
GO:0070552,BRISC complex,5,5,TRUE
GO:0031390,Ctf18 RFC-like complex,7,7,TRUE
GO:0005674,transcription factor TFIIF complex,2,2,TRUE
GO:0001527,microfibril,9,9,TRUE
GO:0043033,isoamylase complex,1,1,TRUE
GO:0005826,actomyosin contractile ring,5,5,TRUE
GO:0097513,myosin II filament,3,3,TRUE
GO:0008290,F-actin capping protein complex,8,8,TRUE
GO:1990876,cytoplasmic side of nuclear pore,1,1,TRUE
GO:0034752,cytosolic aryl hydrocarbon receptor complex,1,1,TRUE
GO:0044797,cytoplasmic transcription factor complex,0,1,FALSE
GO:0048179,activin receptor complex,8,8,TRUE
GO:0044530,supraspliceosomal complex,3,3,TRUE
GO:0008274,gamma-tubulin ring complex,8,8,TRUE
GO:0000931,gamma-tubulin large complex,8,8,TRUE
GO:0031436,BRCA1-BARD1 complex,2,2,TRUE
GO:0070531,BRCA1-A complex,7,7,TRUE
GO:0005582,collagen type XV trimer,1,1,TRUE
GO:0005900,oncostatin-M receptor complex,2,2,TRUE
GO:0071942,XPC complex,3,3,TRUE
GO:0031414,N-terminal protein acetyltransferase complex,10,10,TRUE
GO:0031415,NatA complex,5,5,TRUE
GO:0098843,postsynaptic endocytic zone,1,6,FALSE
GO:0031499,TRAMP complex,4,4,TRUE
GO:0042025,host cell nucleus,0,3,FALSE
GO:0019034,viral replication complex,2,2,TRUE
GO:0044094,host cell nuclear part,3,3,TRUE
GO:0000799,nuclear condensin complex,3,3,TRUE
GO:0031618,nuclear pericentric heterochromatin,4,4,TRUE
GO:0042022,interleukin-12 receptor complex,1,1,TRUE
GO:0072536,interleukin-23 receptor complex,2,2,TRUE
GO:0031302,intrinsic component of endosome membrane,1,1,TRUE
GO:0005818,aster,0,7,FALSE
GO:0000235,astral microtubule,6,7,FALSE
GO:0032301,MutSalpha complex,2,2,TRUE
GO:0031933,telomeric heterochromatin,2,3,FALSE
GO:1990421,subtelomeric heterochromatin,0,1,FALSE
GO:1990707,nuclear subtelomeric heterochromatin,1,1,TRUE
GO:0031464,Cul4A-RING E3 ubiquitin ligase complex,10,11,FALSE
GO:0080008,Cul4-RING E3 ubiquitin ligase complex,31,32,FALSE
GO:0002193,MAML1-RBP-Jkappa- ICN1 complex,3,3,TRUE
GO:0044302,dentate gyrus mossy fiber,1,1,TRUE
GO:0097457,hippocampal mossy fiber,1,1,TRUE
GO:0071149,TEAD-2-YAP complex,2,2,TRUE
GO:0005944,phosphatidylinositol 3-kinase complex; class IB,3,3,TRUE
GO:0044220,host cell perinuclear region of cytoplasm,1,1,TRUE
GO:0070826,paraferritin complex,1,1,TRUE
GO:0005953,CAAX-protein geranylgeranyltransferase complex,2,2,TRUE
GO:0005965,protein farnesyltransferase complex,2,3,FALSE
GO:0097539,ciliary transition fiber,7,7,TRUE
GO:0005785,signal recognition particle receptor complex,3,4,FALSE
GO:0042587,glycogen granule,2,2,TRUE
GO:0030897,HOPS complex,14,14,TRUE
GO:0030123,AP-3 adaptor complex,6,6,TRUE
GO:0042588,zymogen granule,0,5,FALSE
GO:0042589,zymogen granule membrane,5,5,TRUE
GO:0070765,gamma-secretase complex,6,6,TRUE
GO:0005640,nuclear outer membrane,9,12,FALSE
GO:0044614,nuclear pore cytoplasmic filaments,3,3,TRUE
GO:0097209,epidermal lamellar body,4,4,TRUE
GO:0005958,DNA-dependent protein kinase-DNA ligase 4 complex,4,4,TRUE
GO:0032807,DNA ligase IV complex,3,3,TRUE
GO:0031905,early endosome lumen,5,5,TRUE
GO:0034777,recycling endosome lumen,1,1,TRUE
GO:0032419,extrinsic component of lysosome membrane,1,1,TRUE
GO:0035253,ciliary rootlet,2,2,TRUE
GO:0005760,gamma DNA polymerase complex,1,1,TRUE
GO:0071256,translocon complex,4,4,TRUE
GO:0005784,Sec61 translocon complex,4,4,TRUE
GO:0033593,BRCA2-MAGE-D1 complex,1,1,TRUE
GO:0045323,interleukin-1 receptor complex,3,3,TRUE
GO:0042788,polysomal ribosome,28,29,FALSE
GO:0005863,striated muscle myosin thick filament,3,3,TRUE
GO:0031080,nuclear pore outer ring,10,10,TRUE
GO:0034715,pICln-Sm protein complex,6,6,TRUE
GO:0042272,nuclear RNA export factor complex,3,4,FALSE
GO:0070187,shelterin complex,6,7,FALSE
GO:0036128,CatSper complex,6,10,FALSE
GO:0072687,meiotic spindle,4,4,TRUE
GO:0005889,potassium:proton exchanging ATPase complex,1,1,TRUE
GO:0043265,ectoplasm,1,1,TRUE
GO:0036513,Derlin-1 retrotranslocation complex,11,11,TRUE
GO:1990730,VCP-NSFL1C complex,2,2,TRUE
GO:0031209,SCAR complex,9,9,TRUE
GO:0035363,histone locus body,4,4,TRUE
GO:0001651,dense fibrillar component,1,1,TRUE
GO:0005690,U4atac snRNP,2,2,TRUE
GO:0008622,epsilon DNA polymerase complex,5,5,TRUE
GO:0070931,Golgi-associated vesicle lumen,1,1,TRUE
GO:0043527,tRNA methyltransferase complex,4,4,TRUE
GO:1990316,Atg1/ULK1 kinase complex,7,7,TRUE
GO:0097356,perinucleolar compartment,1,1,TRUE
GO:0032998,Fc-epsilon receptor I complex,2,2,TRUE
GO:0032997,Fc receptor complex,2,2,TRUE
GO:0097224,sperm connecting piece,2,3,FALSE
GO:0035749,myelin sheath adaxonal region,1,1,TRUE
GO:0043220,Schmidt-Lanterman incisure,2,3,FALSE
GO:0097433,dense body,2,2,TRUE
GO:0017119,Golgi transport complex,13,13,TRUE
GO:0031372,UBC13-MMS2 complex,2,2,TRUE
GO:0035370,UBC13-UEV1A complex,1,2,FALSE
GO:0034998,oligosaccharyltransferase I complex,1,1,TRUE
GO:0098556,cytoplasmic side of rough endoplasmic reticulum membrane,4,4,TRUE
GO:0042719,mitochondrial intermembrane space protein transporter complex,5,5,TRUE
GO:0031074,nucleocytoplasmic transport complex,3,3,TRUE
GO:0042565,RNA nuclear export complex,2,2,TRUE
GO:0031462,Cul2-RING ubiquitin ligase complex,13,14,FALSE
GO:0031465,Cul4B-RING E3 ubiquitin ligase complex,4,5,FALSE
GO:0031467,Cul7-RING ubiquitin ligase complex,5,5,TRUE
GO:0070436,Grb2-EGFR complex,2,2,TRUE
GO:0070032,synaptobrevin 2-SNAP-25-syntaxin-1a-complexin I complex,2,2,TRUE
GO:0070033,synaptobrevin 2-SNAP-25-syntaxin-1a-complexin II complex,1,1,TRUE
GO:0070044,synaptobrevin 2-SNAP-25-syntaxin-1a complex,3,3,TRUE
GO:0031510,SUMO activating enzyme complex,3,3,TRUE
GO:1990356,sumoylated E2 ligase complex,1,1,TRUE
GO:0005956,protein kinase CK2 complex,2,2,TRUE
GO:0042643,actomyosin; actin portion,2,2,TRUE
GO:0098574,cytoplasmic side of lysosomal membrane,5,5,TRUE
GO:0030689,Noc complex,3,3,TRUE
GO:0030692,Noc4p-Nop14p complex,2,2,TRUE
GO:0032127,dense core granule membrane,2,2,TRUE
GO:0071133,alpha9-beta1 integrin-ADAM8 complex,1,1,TRUE
GO:0033270,paranode region of axon,5,6,FALSE
GO:0005898,interleukin-13 receptor complex,1,1,TRUE
GO:0032144,4-aminobutyrate transaminase complex,1,1,TRUE
GO:0097574,lateral part of cell,0,2,FALSE
GO:0097575,lateral cell cortex,2,2,TRUE
GO:0071144,heteromeric SMAD protein complex,2,2,TRUE
GO:0035658,Mon1-Ccz1 complex,4,4,TRUE
GO:0070701,mucus layer,1,1,TRUE
GO:0002133,polycystin complex,2,2,TRUE
GO:1990498,mitotic spindle microtubule,3,3,TRUE
GO:0098577,inactive sex chromosome,1,1,TRUE
GO:0016513,core-binding factor complex,3,3,TRUE
GO:0008074,guanylate cyclase complex; soluble,2,2,TRUE
GO:0097149,centralspindlin complex,3,3,TRUE
GO:0099617,matrix side of mitochondrial inner membrane,1,1,TRUE
GO:0098652,collagen type VII anchoring fibril,0,1,FALSE
GO:0098648,collagen anchoring fibril,0,1,FALSE
GO:0030934,anchoring collagen complex,1,3,FALSE
GO:0005590,collagen type VII trimer,1,1,TRUE
GO:0035525,NF-kappaB p50/p65 complex,1,1,TRUE
GO:0043083,synaptic cleft,4,4,TRUE
GO:0005596,collagen type XIV trimer,1,1,TRUE
GO:0010369,chromocenter,5,5,TRUE
GO:0071598,neuronal ribonucleoprotein granule,4,4,TRUE
GO:1990124,messenger ribonucleoprotein complex,8,8,TRUE
GO:1990812,growth cone filopodium,1,1,TRUE
GO:0090723,growth cone part,0,4,FALSE
GO:0005597,collagen type XVI trimer,1,1,TRUE
GO:0097136,Bcl-2 family protein complex,5,5,TRUE
GO:0097144,BAX complex,1,1,TRUE
GO:0005726,perichromatin fibrils,3,3,TRUE
GO:0035068,micro-ribonucleoprotein complex,7,7,TRUE
GO:0032002,interleukin-28 receptor complex,3,3,TRUE
GO:0090498,extrinsic component of Golgi membrane,2,2,TRUE
GO:0000137,Golgi cis cisterna,10,20,FALSE
GO:0033186,CAF-1 complex,3,3,TRUE
GO:0090576,RNA polymerase III transcription factor complex,12,12,TRUE
GO:0000127,transcription factor TFIIIC complex,6,6,TRUE
GO:0016028,rhabdomere,1,1,TRUE
GO:0097025,MPP7-DLG1-LIN7 complex,5,5,TRUE
GO:0030314,junctional membrane complex,5,5,TRUE
GO:1990031,pinceau fiber,1,1,TRUE
GO:0099699,integral component of synaptic membrane,0,6,FALSE
GO:0099146,intrinsic component of postsynaptic density membrane,0,2,FALSE
GO:0099240,intrinsic component of synaptic membrane,3,6,FALSE
GO:0098948,intrinsic component of postsynaptic specialization membrane,3,3,TRUE
GO:0099061,integral component of postsynaptic density membrane,2,2,TRUE
GO:0098839,postsynaptic density membrane,17,21,FALSE
GO:0099055,integral component of postsynaptic membrane,3,6,FALSE
GO:0099634,postsynaptic specialization membrane,0,22,FALSE
GO:0099060,integral component of postsynaptic specialization membrane,3,3,TRUE
GO:0098936,intrinsic component of postsynaptic membrane,3,6,FALSE
GO:0000836,Hrd1p ubiquitin ligase complex,4,4,TRUE
GO:0106003,amyloid-beta complex,1,1,TRUE
GO:0044753,amphisome,2,2,TRUE
GO:0005869,dynactin complex,2,2,TRUE
GO:0071458,integral component of cytoplasmic side of endoplasmic reticulum membrane,5,6,FALSE
GO:0000347,THO complex,6,6,TRUE
GO:0000445,THO complex part of transcription export complex,6,6,TRUE
GO:0005688,U6 snRNP,8,8,TRUE
GO:0044214,spanning component of plasma membrane,6,6,TRUE
GO:0089717,spanning component of membrane,6,11,FALSE
GO:0000438,core TFIIH complex portion of holo TFIIH complex,3,3,TRUE
GO:0000439,transcription factor TFIIH core complex,5,5,TRUE
GO:0034750,Scrib-APC-beta-catenin complex,1,1,TRUE
GO:0032389,MutLalpha complex,5,5,TRUE
GO:0035032,phosphatidylinositol 3-kinase complex; class III,6,7,FALSE
GO:0000408,EKC/KEOPS complex,5,6,FALSE
GO:0030893,meiotic cohesin complex,7,7,TRUE
GO:0031229,intrinsic component of nuclear inner membrane,11,11,TRUE
GO:0044453,nuclear membrane part,0,12,FALSE
GO:0005639,integral component of nuclear inner membrane,11,11,TRUE
GO:0031417,NatC complex,3,3,TRUE
GO:0014705,C zone,1,1,TRUE
GO:0030981,cortical microtubule cytoskeleton,2,3,FALSE
GO:0055028,cortical microtubule,1,1,TRUE
GO:0061673,mitotic spindle astral microtubule,3,4,FALSE
GO:1905720,cytoplasmic microtubule bundle,1,1,TRUE
GO:0000124,SAGA complex,13,14,FALSE
GO:0071819,DUBm complex,2,2,TRUE
GO:0036396,RNA N6-methyladenosine methyltransferase complex,8,8,TRUE
GO:0045293,mRNA editing complex,0,8,FALSE
GO:0071002,U4atac/U6atac snRNP,1,1,TRUE
GO:0005691,U6atac snRNP,1,1,TRUE
GO:0000797,condensin core heterodimer,1,1,TRUE
GO:0043625,delta DNA polymerase complex,4,4,TRUE
GO:0005914,spot adherens junction,1,1,TRUE
GO:0055087,Ski complex,3,3,TRUE
GO:0099053,activating signal cointegrator 1 complex,3,3,TRUE
GO:1990221,L-cysteine desulfurase complex,1,1,TRUE
GO:0097145,BAK complex,1,1,TRUE
GO:0035061,interchromatin granule,3,3,TRUE
GO:0044393,microspike,2,2,TRUE
GO:0005797,Golgi medial cisterna,8,8,TRUE
GO:0017090,meprin A complex,2,2,TRUE
GO:0061617,MICOS complex,7,7,TRUE
GO:0097196,Shu complex,2,2,TRUE
GO:0140007,KICSTOR complex,5,5,TRUE
GO:0032798,Swi5-Sfr1 complex,2,2,TRUE
GO:1990879,CST complex,3,3,TRUE
GO:0034066,RIC1-RGP1 guanyl-nucleotide exchange factor complex,2,2,TRUE
GO:0005858,axonemal dynein complex,13,14,FALSE
GO:0036157,outer dynein arm,9,9,TRUE
GO:0031251,PAN complex,2,2,TRUE
GO:0072669,tRNA-splicing ligase complex,7,8,FALSE
GO:0042721,TIM22 mitochondrial import inner membrane insertion complex,4,4,TRUE
GO:0070860,RNA polymerase I core factor complex,1,1,TRUE
GO:0030892,mitotic cohesin complex,2,2,TRUE
GO:1990923,PET complex,3,3,TRUE
GO:0044609,DBIRD complex,2,2,TRUE
GO:0032473,cytoplasmic side of mitochondrial outer membrane,1,1,TRUE
GO:0099400,caveola neck,1,1,TRUE
GO:0019185,snRNA-activating protein complex,2,2,TRUE
GO:0032584,growth cone membrane,2,3,FALSE
GO:0043186,P granule,17,17,TRUE
GO:0045495,pole plasm,0,17,FALSE
GO:0060293,germ plasm,0,17,FALSE
GO:0005600,collagen type XIII trimer,1,1,TRUE
GO:0030936,transmembrane collagen trimer,1,1,TRUE
GO:0005879,axonemal microtubule,5,6,FALSE
GO:0001534,radial spoke,1,5,FALSE
GO:0031314,extrinsic component of mitochondrial inner membrane,6,6,TRUE
GO:0002177,manchette,5,8,FALSE
GO:1990745,EARP complex,4,4,TRUE
GO:0044301,climbing fiber,1,1,TRUE
GO:1990032,parallel fiber,1,1,TRUE
GO:1990597,AIP1-IRE1 complex,1,1,TRUE
GO:0044284,mitochondrial crista junction,1,1,TRUE
GO:0072487,MSL complex,4,4,TRUE
GO:0070876,SOSS complex,4,4,TRUE
GO:0098826,endoplasmic reticulum tubular network membrane,5,5,TRUE
GO:0060473,cortical granule,1,1,TRUE
GO:0033011,perinuclear theca,1,1,TRUE
GO:0032116,SMC loading complex,2,2,TRUE
GO:0090694,Scc2-Scc4 cohesin loading complex,2,2,TRUE
GO:0043541,UDP-N-acetylglucosamine transferase complex,2,2,TRUE
GO:0000444,MIS12/MIND type complex,4,4,TRUE
GO:0090651,apical cytoplasm,1,1,TRUE
GO:0031380,nuclear RNA-directed RNA polymerase complex,2,2,TRUE
GO:1904115,axon cytoplasm,1,1,TRUE
GO:0031257,cell trailing edge membrane,0,1,FALSE
GO:0031259,uropod membrane,1,1,TRUE
GO:0071012,catalytic step 1 spliceosome,1,5,FALSE
GO:0001939,female pronucleus,2,2,TRUE
GO:0035101,FACT complex,3,3,TRUE
GO:1903767,sweet taste receptor complex,0,2,FALSE
GO:1903768,taste receptor complex,0,2,FALSE
GO:0071547,piP-body,5,5,TRUE
GO:0031592,centrosomal corona,1,1,TRUE
GO:0016282,eukaryotic 43S preinitiation complex,4,4,TRUE
GO:0070993,translation preinitiation complex,5,5,TRUE
GO:0030991,intraciliary transport particle A,7,7,TRUE
GO:0001536,radial spoke stalk,2,3,FALSE
GO:0000789,cytoplasmic chromatin,1,1,TRUE
GO:0000229,cytoplasmic chromosome,1,2,FALSE
GO:0000839,Hrd1p ubiquitin ligase ERAD-L complex,3,3,TRUE
GO:0045179,apical cortex,3,3,TRUE
GO:0046581,intercellular canaliculus,2,2,TRUE
GO:0035003,subapical complex,1,1,TRUE
GO:0005916,fascia adherens,2,2,TRUE
GO:0005927,muscle tendon junction,2,2,TRUE
GO:0000814,ESCRT II complex,3,3,TRUE
GO:0070695,FHF complex,5,5,TRUE
GO:0061851,leading edge of lamellipodium,1,1,TRUE
GO:0030895,apolipoprotein B mRNA editing enzyme complex,2,3,FALSE
GO:1990512,Cry-Per complex,1,1,TRUE
GO:0033010,paranodal junction,1,1,TRUE
GO:0043219,lateral loop,1,1,TRUE
GO:0035517,PR-DUB complex,4,4,TRUE
GO:0106068,SUMO ligase complex,0,7,FALSE
GO:0030915,Smc5-Smc6 complex,7,7,TRUE
GO:0033557,Slx1-Slx4 complex,1,2,FALSE
GO:0045025,mitochondrial degradosome,2,2,TRUE
GO:0097649,A axonemal microtubule,1,1,TRUE
GO:1990246,uniplex complex,5,5,TRUE
GO:0034274,Atg12-Atg5-Atg16 complex,3,3,TRUE
GO:0032280,symmetric synapse,5,5,TRUE
GO:0098982,GABA-ergic synapse,0,4,FALSE
GO:0060077,inhibitory synapse,3,6,FALSE
GO:0098983,symmetric; GABA-ergic; inhibitory synapse,4,4,TRUE
GO:0031308,intrinsic component of nuclear outer membrane,0,1,FALSE
GO:0031309,integral component of nuclear outer membrane,1,1,TRUE
GO:0071914,prominosome,2,2,TRUE
GO:0005724,nuclear telomeric heterochromatin,1,1,TRUE
GO:0043073,germ cell nucleus,2,3,FALSE
GO:0042585,germinal vesicle,1,1,TRUE
GO:0001674,female germ cell nucleus,1,2,FALSE
GO:0071546,pi-body,7,7,TRUE
GO:0033269,internode region of axon,3,3,TRUE
GO:0034718,SMN-Gemin2 complex,1,1,TRUE
GO:0030891,VCB complex,4,4,TRUE
GO:0030289,protein phosphatase 4 complex,2,2,TRUE
GO:0031021,interphase microtubule organizing center,3,3,TRUE
GO:0036156,inner dynein arm,2,2,TRUE
GO:1903095,ribonuclease III complex,0,2,FALSE
GO:0070877,microprocessor complex,2,2,TRUE
GO:0002947,tumor necrosis factor receptor superfamily complex,1,1,TRUE
GO:0000214,tRNA-intron endonuclease complex,3,3,TRUE
GO:0000812,Swr1 complex,10,10,TRUE
GO:0032777,Piccolo NuA4 histone acetyltransferase complex,7,7,TRUE
GO:0000126,transcription factor TFIIIB complex,6,6,TRUE
GO:0034455,t-UTP complex,3,3,TRUE
GO:1990005,granular vesicle,1,1,TRUE
GO:0120134,proximal portion of axoneme,1,1,TRUE
GO:0071797,LUBAC complex,5,5,TRUE
GO:0031475,myosin V complex,1,1,TRUE
GO:0072517,host cell viral assembly compartment,1,1,TRUE
GO:0039713,viral factory,0,1,FALSE
GO:0039714,cytoplasmic viral factory,0,1,FALSE
GO:0034457,Mpp10 complex,3,3,TRUE
GO:0032133,chromosome passenger complex,4,4,TRUE
GO:0016011,dystroglycan complex,0,3,FALSE
GO:0016012,sarcoglycan complex,3,3,TRUE
GO:0002169,3-methylcrotonyl-CoA carboxylase complex; mitochondrial,2,2,TRUE
GO:1905202,methylcrotonoyl-CoA carboxylase complex,2,2,TRUE
GO:0042720,mitochondrial inner membrane peptidase complex,2,2,TRUE
GO:0005595,collagen type XII trimer,1,1,TRUE
GO:0098560,cytoplasmic side of late endosome membrane,2,2,TRUE
GO:0097232,lamellar body membrane,2,2,TRUE
GO:0036502,Derlin-1-VIMP complex,2,2,TRUE
GO:0042564,NLS-dependent protein nuclear import complex,1,1,TRUE
GO:0070274,RES complex,2,2,TRUE
GO:0010370,perinucleolar chromocenter,1,1,TRUE
GO:0048787,presynaptic active zone membrane,8,9,FALSE
GO:0051286,cell tip,0,1,FALSE
GO:0035838,growing cell tip,1,1,TRUE
GO:0072556,other organism presynaptic membrane,0,1,FALSE
GO:0044221,host cell synapse,0,1,FALSE
GO:0033644,host cell membrane,1,1,TRUE
GO:0044231,host cell presynaptic membrane,1,1,TRUE
GO:0098594,mucin granule,1,1,TRUE
GO:0097631,integral component of omegasome membrane,1,1,TRUE
GO:0097630,intrinsic component of omegasome membrane,0,1,FALSE
GO:0008352,katanin complex,1,1,TRUE
GO:0071006,U2-type catalytic step 1 spliceosome,4,4,TRUE
GO:0097449,astrocyte projection,2,2,TRUE
GO:0016938,kinesin I complex,1,1,TRUE
GO:0070852,cell body fiber,3,3,TRUE
GO:0005736,RNA polymerase I complex,13,13,TRUE
GO:0008275,gamma-tubulin small complex,5,5,TRUE
GO:0002079,inner acrosomal membrane,1,2,FALSE
GO:0098753,anchored component of the cytoplasmic side of the plasma membrane,1,1,TRUE
GO:0005731,nucleolus organizer region,1,1,TRUE
GO:0030874,nucleolar chromatin,1,1,TRUE
GO:0008623,CHRAC,2,2,TRUE
GO:0016590,ACF complex,1,1,TRUE
GO:0031595,nuclear proteasome complex,3,3,TRUE
GO:0031597,cytosolic proteasome complex,6,6,TRUE
GO:0009328,phenylalanine-tRNA ligase complex,3,3,TRUE
GO:0001401,mitochondrial sorting and assembly machinery complex,2,2,TRUE
GO:0097362,MCM8-MCM9 complex,2,2,TRUE
GO:0120135,distal portion of axoneme,1,1,TRUE
GO:0034506,chromosome; centromeric core domain,1,1,TRUE
GO:0070418,DNA-dependent protein kinase complex,1,1,TRUE
GO:0000262,mitochondrial chromosome,1,1,TRUE
GO:0005638,lamin filament,1,1,TRUE
GO:0000221,vacuolar proton-transporting V-type ATPase; V1 domain,3,3,TRUE
GO:0033180,proton-transporting V-type ATPase; V1 domain,3,3,TRUE
GO:0075341,host cell PML body,1,1,TRUE
GO:0061832,basal ectoplasmic specialization,0,1,FALSE
GO:0033106,cis-Golgi network membrane,3,3,TRUE
GO:0098831,presynaptic active zone cytoplasmic component,7,9,FALSE
GO:0099569,presynaptic cytoskeleton,1,7,FALSE
GO:0048788,cytoskeleton of presynaptic active zone,6,6,TRUE
GO:0033167,ARC complex,1,1,TRUE
GO:0005954,calcium- and calmodulin-dependent protein kinase complex,1,1,TRUE
GO:0097233,alveolar lamellar body membrane,1,1,TRUE
GO:0097636,intrinsic component of autophagosome membrane,0,1,FALSE
GO:0097637,integral component of autophagosome membrane,1,1,TRUE
GO:1990674,Golgi cis cisterna membrane,0,1,FALSE
GO:0001405,PAM complex; Tim23 associated import motor,5,5,TRUE
GO:0097409,glial cytoplasmic inclusion,1,1,TRUE
GO:0097414,classical Lewy body,1,1,TRUE
GO:0097462,Lewy neurite,1,1,TRUE
GO:1990038,Lewy body corona,1,1,TRUE
GO:0070685,macropinocytic cup,1,1,TRUE
GO:0097450,astrocyte end-foot,1,1,TRUE
GO:0097451,glial limiting end-foot,1,1,TRUE
GO:0098871,postsynaptic actin cytoskeleton,1,1,TRUE
GO:0099571,postsynaptic cytoskeleton,0,1,FALSE
GO:0005787,signal peptidase complex,5,5,TRUE
GO:0034668,integrin alpha4-beta1 complex,1,1,TRUE
GO:1990971,EMILIN complex,1,1,TRUE
GO:0098637,protein complex involved in cell-matrix adhesion,0,1,FALSE
GO:0032983,kainate selective glutamate receptor complex,5,5,TRUE
GO:0034272,phosphatidylinositol 3-kinase complex; class III; type II,3,4,FALSE
GO:0031431,Dbf4-dependent protein kinase complex,2,2,TRUE
GO:0071020,post-spliceosomal complex,1,2,FALSE
GO:1990726,Lsm1-7-Pat1 complex,5,5,TRUE
GO:0044613,nuclear pore central transport channel,9,12,FALSE
GO:0045263,proton-transporting ATP synthase complex; coupling factor F(o),5,7,FALSE
GO:0033177,proton-transporting two-sector ATPase complex; proton-transporting domain,5,7,FALSE
GO:0005712,chiasma,1,1,TRUE
GO:0005960,glycine cleavage complex,1,1,TRUE
GO:0072380,TRC complex,2,2,TRUE
GO:0034448,EGO complex,5,5,TRUE
GO:0031416,NatB complex,2,2,TRUE
GO:0000243,commitment complex,9,9,TRUE
GO:0002189,ribose phosphate diphosphokinase complex,5,5,TRUE
GO:0005816,spindle pole body,5,8,FALSE
GO:0005940,septin ring,13,14,FALSE
GO:0044545,NSL complex,5,5,TRUE
GO:0005673,transcription factor TFIIE complex,2,2,TRUE
GO:1990415,Pex17p-Pex14p docking complex,0,3,FALSE
GO:1990429,peroxisomal importomer complex,3,3,TRUE
GO:0000939,condensed chromosome inner kinetochore,1,2,FALSE
GO:0000941,condensed nuclear chromosome inner kinetochore,1,1,TRUE
GO:0000276,mitochondrial proton-transporting ATP synthase complex; coupling factor F(o),5,7,FALSE
GO:0045265,proton-transporting ATP synthase; stator stalk,1,1,TRUE
GO:0000274,mitochondrial proton-transporting ATP synthase; stator stalk,1,1,TRUE
GO:0070985,transcription factor TFIIK complex,1,1,TRUE
GO:0034657,GID complex,4,4,TRUE
GO:0031298,replication fork protection complex,9,9,TRUE
GO:0030015,CCR4-NOT core complex,5,5,TRUE
GO:0071021,U2-type post-spliceosomal complex,1,1,TRUE
GO:0043529,GET complex,1,1,TRUE
GO:1990131,Gtr1-Gtr2 GTPase complex,4,4,TRUE
GO:0032160,septin filament array,13,14,FALSE
GO:0043614,multi-eIF complex,2,2,TRUE
GO:0036266,Cdc48p-Npl4p-Vms1p AAA ATPase complex,1,1,TRUE
GO:0071561,nucleus-vacuole junction,1,1,TRUE
GO:0034515,proteasome storage granule,2,2,TRUE
GO:0099631,postsynaptic endocytic zone cytoplasmic component,2,2,TRUE
GO:0030896,checkpoint clamp complex,6,6,TRUE
GO:1990298,bub1-bub3 complex,1,1,TRUE
GO:0034685,integrin alphav-beta6 complex,1,1,TRUE
GO:0017109,glutamate-cysteine ligase complex,2,2,TRUE
GO:0000923,equatorial microtubule organizing center,6,6,TRUE
GO:0030479,actin cortical patch,11,11,TRUE
GO:0061645,endocytic patch,0,11,FALSE
GO:0098837,postsynaptic recycling endosome,3,3,TRUE
GO:0098845,postsynaptic endosome,0,5,FALSE
GO:0044611,nuclear pore inner ring,3,3,TRUE
GO:0034388,Pwp2p-containing subcomplex of 90S preribosome,7,8,FALSE
GO:0097505,Rad6-Rad18 complex,1,1,TRUE
GO:0055120,striated muscle dense body,1,1,TRUE
GO:0034271,phosphatidylinositol 3-kinase complex; class III; type I,3,4,FALSE
GO:0005656,nuclear pre-replicative complex,3,3,TRUE
GO:0036387,pre-replicative complex,3,3,TRUE
GO:0038039,G-protein coupled receptor heterodimeric complex,3,3,TRUE
GO:0034456,UTP-C complex,2,2,TRUE
GO:0005880,nuclear microtubule,1,1,TRUE
GO:0097134,cyclin E1-CDK2 complex,1,1,TRUE
GO:0097249,mitochondrial respiratory chain supercomplex,2,3,FALSE
GO:0032545,CURI complex,2,2,TRUE
GO:1990716,axonemal central apparatus,2,2,TRUE
GO:0031207,Sec62/Sec63 complex,1,1,TRUE
GO:0035355,Toll-like receptor 2-Toll-like receptor 6 protein complex,1,1,TRUE
GO:0098842,postsynaptic early endosome,2,2,TRUE
GO:0032783,ELL-EAF complex,4,4,TRUE
GO:0005846,nuclear cap binding complex,2,3,FALSE
GO:1990071,TRAPPII protein complex,2,2,TRUE
GO:0044326,dendritic spine neck,1,1,TRUE
GO:0070847,core mediator complex,7,7,TRUE
GO:0030691,Noc2p-Noc3p complex,1,1,TRUE
GO:0070470,plasma membrane respiratory chain,0,6,FALSE
GO:0045282,plasma membrane succinate dehydrogenase complex,1,1,TRUE
GO:0045274,plasma membrane respiratory chain complex II,0,1,FALSE
GO:0070772,PAS complex,1,1,TRUE
GO:0031680,G-protein beta/gamma-subunit complex,1,1,TRUE
GO:1990070,TRAPPI protein complex,1,1,TRUE
GO:0001520,outer dense fiber,1,1,TRUE
GO:0016586,RSC-type complex,2,2,TRUE
GO:0033597,mitotic checkpoint complex,1,1,TRUE
GO:0042105,alpha-beta T cell receptor complex,3,3,TRUE
GO:0033290,eukaryotic 48S preinitiation complex,1,1,TRUE
GO:0097135,cyclin E2-CDK2 complex,1,1,TRUE
GO:0097344,Rix1 complex,2,2,TRUE
GO:0099524,postsynaptic cytosol,1,1,TRUE
GO:0099522,region of cytosol,0,1,FALSE
GO:0030690,Noc1p-Noc2p complex,1,1,TRUE
GO:0098993,anchored component of synaptic vesicle membrane,2,2,TRUE
GO:0070390,transcription export complex 2,3,3,TRUE
GO:0009346,citrate lyase complex,1,1,TRUE
GO:0031511,Mis6-Sim4 complex,1,1,TRUE
GO:0000111,nucleotide-excision repair factor 2 complex,3,3,TRUE
GO:0043224,nuclear SCF ubiquitin ligase complex,3,3,TRUE
GO:0005668,RNA polymerase transcription factor SL1 complex,1,1,TRUE
GO:0033181,plasma membrane proton-transporting V-type ATPase complex,2,2,TRUE
GO:0098844,postsynaptic endocytic zone membrane,3,3,TRUE
GO:0045272,plasma membrane respiratory chain complex I,5,5,TRUE
GO:0099243,extrinsic component of synaptic membrane,1,1,TRUE
GO:0098890,extrinsic component of postsynaptic membrane,1,1,TRUE
GO:0018444,translation release factor complex,3,3,TRUE
GO:0031084,BLOC-2 complex,2,2,TRUE
GO:0099523,presynaptic cytosol,1,1,TRUE
GO:0070209,ASTRA complex,2,2,TRUE
GO:0099059,integral component of presynaptic active zone membrane,1,1,TRUE
GO:0098945,intrinsic component of presynaptic active zone membrane,1,1,TRUE
GO:0099056,integral component of presynaptic membrane,0,1,FALSE
GO:0098889,intrinsic component of presynaptic membrane,1,1,TRUE
GO:0043291,RAVE complex,2,2,TRUE
GO:1990072,TRAPPIII protein complex,2,2,TRUE
GO:0071540,eukaryotic translation initiation factor 3 complex; eIF3e,1,1,TRUE
GO:0017102,methionyl glutamyl tRNA synthetase complex,2,2,TRUE
GO:0042709,succinate-CoA ligase complex,0,1,FALSE
GO:0045244,succinate-CoA ligase complex (GDP-forming),1,1,TRUE
GO:0090571,RNA polymerase II transcription repressor complex,1,1,TRUE
GO:0017054,negative cofactor 2 complex,1,1,TRUE
GO:0005825,half bridge of spindle pole body,2,2,TRUE
GO:0031261,DNA replication preinitiation complex,5,5,TRUE
GO:0000112,nucleotide-excision repair factor 3 complex,1,1,TRUE
GO:0000811,GINS complex,3,3,TRUE
GO:1990112,RQC complex,2,2,TRUE
GO:0034245,mitochondrial DNA-directed RNA polymerase complex,1,1,TRUE
GO:0035657,eRF1 methyltransferase complex,1,1,TRUE
GO:0098830,presynaptic endosome,1,1,TRUE
GO:0005971,ribonucleoside-diphosphate reductase complex,1,1,TRUE
GO:0052718,tRNA-specific adenosine-34 deaminase complex,1,1,TRUE
GO:0071541,eukaryotic translation initiation factor 3 complex; eIF3m,2,2,TRUE
GO:0030312,external encapsulating structure,1,1,TRUE
GO:0005618,cell wall,1,1,TRUE
GO:0000417,HIR complex,1,1,TRUE
GO:0005848,mRNA cleavage stimulating factor complex,1,1,TRUE
GO:0097444,spine apparatus,1,1,TRUE
GO:0002144,cytosolic tRNA wobble base thiouridylase complex,1,1,TRUE
GO:0005614,interstitial matrix,1,1,TRUE
GO:0000818,nuclear MIS12/MIND complex,2,2,TRUE
GO:0070762,nuclear pore transmembrane ring,1,1,TRUE
GO:0090658,cone matrix sheath,1,1,TRUE
GO:0033165,interphotoreceptor matrix,0,1,FALSE
GO:0000322,storage vacuole,0,1,FALSE
GO:0000329,fungal-type vacuole membrane,1,1,TRUE
GO:0000324,fungal-type vacuole,0,1,FALSE
GO:0031315,extrinsic component of mitochondrial outer membrane,1,1,TRUE
GO:0009353,mitochondrial oxoglutarate dehydrogenase complex,1,1,TRUE
GO:0001673,male germ cell nucleus,1,1,TRUE
GO:0016507,mitochondrial fatty acid beta-oxidation multienzyme complex,1,1,TRUE
GO:0036125,fatty acid beta-oxidation multienzyme complex,1,1,TRUE
GO:0061495,gamma-tubulin small complex; mitotic spindle pole body,1,1,TRUE
GO:0000928,gamma-tubulin small complex; spindle pole body,1,1,TRUE
GO:0044732,mitotic spindle pole body,0,1,FALSE
GO:0031515,tRNA (m1A) methyltransferase complex,2,2,TRUE
